"Name","Bytes","Mtime","Ctime"
"foundation-001","53138712","2026-06-29T20:39:50","2026-06-29T20:39:50"
"foundation-002-v9-pre-implementation","256135","2026-07-02T22:05:20","2026-07-02T22:05:20"
"foundation-002a-pre-access-encoding-wpilot","267684","2026-07-02T22:52:04","2026-07-02T22:52:04"
"fw07c2b-wpilot-write-proof-pre-20260702T171216Z","925782","2026-07-03T00:12:30","2026-07-03T00:12:30"
"fw07c2b-wpilot-write-proof-pre-20260702T171254Z","925782","2026-07-03T00:13:08","2026-07-03T00:13:08"
"fw07c2b-wpilot-write-proof-pre-20260702T171341Z","928949","2026-07-03T00:13:53","2026-07-03T00:13:53"
"fw07c2b-wpilot-write-proof-pre-20260702T171432Z","928949","2026-07-03T00:14:46","2026-07-03T00:14:46"
"fw07c2b-wpilot-write-proof-pre-20260702T171556Z","928949","2026-07-03T00:16:10","2026-07-03T00:16:10"
"fw07c2b-wpilot-write-proof-pre-20260702T171715Z","928949","2026-07-03T00:17:28","2026-07-03T00:17:28"
"fw07c2c-filesystem-delivery-pre-20260702T180312Z","17212","2026-07-03T01:03:25","2026-07-03T01:03:25"
"fw07c2c-filesystem-delivery-pre-20260702T180335Z","17212","2026-07-03T01:03:49","2026-07-03T01:03:49"
"node_modules","12703248","2026-07-16T18:29:21","2026-07-16T18:29:20"
"rewrite-flush-micro-gate-pre-20260704-174923","1362034","2026-07-04T17:49:32","2026-07-04T17:49:32"
"rewrite-rule-repair-pre-20260704-190040","1086873","2026-07-04T19:00:40","2026-07-04T19:00:40"
"v9-06d1-rerun-runtime-delivery-pre-20260704-032308","22999","2026-07-04T03:23:08","2026-07-04T03:23:08"
"v9-06d1-rerun-runtime-delivery-pre-20260704-032355","22999","2026-07-04T03:23:55","2026-07-04T03:23:55"
"v9-06d2-object-skeleton-pre-20260704-040407","1206759","2026-07-04T04:04:07","2026-07-04T04:04:07"
"v9-06d4-rerun-minimal-content-seed-pre-20260704-054146","1432138","2026-07-04T05:41:46","2026-07-04T05:41:46"
"v9-06d7a-runtime-delivery-pre-20260705-000434","45393","2026-07-05T00:04:34","2026-07-05T00:04:34"
"v9-06d7b-home-runtime-delivery-pre-20260705-002441","4123898","2026-07-05T00:24:41","2026-07-05T00:24:41"
"v9-06d7c-services-hub-runtime-delivery-pre-20260705-013141","4150490","2026-07-05T01:31:41","2026-07-05T01:31:41"
"v9-06d7d-service-runtime-delivery-pre-20260705-015917","4174491","2026-07-05T01:59:17","2026-07-05T01:59:17"
"v9-06d7e-contacts-runtime-delivery-pre-20260705-022630","4210270","2026-07-05T02:26:30","2026-07-05T02:26:30"
"v9-06d8a-site-options-seed-pre-20260705-033228","1068541","2026-07-05T03:33:04","2026-07-05T03:32:28"
"v9-06d8b-home-content-seed-pre-20260704-204316","1073443","2026-07-05T03:43:16","2026-07-05T03:43:16"
"v9-06d8c-services-mvp-content-seed-pre-20260704-205431","1087806","2026-07-05T03:54:31","2026-07-05T03:54:31"
"v9-06d8d-services-hub-content-seed-pre-20260704-210430","1109866","2026-07-05T04:04:30","2026-07-05T04:04:30"
"v9-06d8e-contacts-content-seed-pre-20260704-211441","1114860","2026-07-05T04:14:41","2026-07-05T04:14:41"
"v9-06d9i-controlled-acf-seed-pre-20260705-141225","1125432","2026-07-05T21:12:25","2026-07-05T21:12:25"
"v9-06d9k-controlled-media-upload-pre-20260705-145628","1122602","2026-07-05T21:56:28","2026-07-05T21:56:28"
"v9-06d9l-admin-editor-acf-visibility-pre-20260705-221742","0","2026-07-05T22:17:42","2026-07-05T22:17:42"
"v9-06d9l-admin-editor-acf-visibility-pre-20260705-221759","1149731","2026-07-05T22:18:03","2026-07-05T22:17:59"
"v9-06d9m-native-page-content-cleanup-pre-20260705-154624","1399816","2026-07-05T22:46:24","2026-07-05T22:46:24"
"v9-06d9o-acf-reviews-teaser-required-flag-pre-20260705-232203","1376461","2026-07-05T23:22:03","2026-07-05T23:22:03"
"v9-06d9o-acf-reviews-teaser-required-flag-pre-20260705-232217","1378985","2026-07-05T23:22:17","2026-07-05T23:22:17"
"v9-06d9r-reviews-shared-include-pre-20260706-003643","1302654","2026-07-06T00:36:43","2026-07-06T00:36:43"
"v9-06d9s-controlled-reviews-options-seed-pre-20260706-005443","1308800","2026-07-06T00:54:44","2026-07-06T00:54:43"
"v9-06d9s-controlled-reviews-options-seed-pre-20260706-005734","1309196","2026-07-06T00:57:34","2026-07-06T00:57:34"
"v9-06d9t-reviews-options-key-fix-pre-20260706-010904","1326188","2026-07-06T01:09:04","2026-07-06T01:09:04"
"v9-06d9u-reviews-admin-ux-repair-pre-20260706-013004","1335539","2026-07-06T01:30:04","2026-07-06T01:30:04"
"v9-06d9w-reviews-admin-layout-repair-pre-20260706-021050","1401221","2026-07-06T02:10:50","2026-07-06T02:10:50"
"v9-06d9x-reviews-binding-repair-pre-20260706-023410","1448881","2026-07-06T02:34:10","2026-07-06T02:34:10"
"v9-06e1-legal-static-copy-seed-pre-20260706-035240","1425202","2026-07-06T03:52:40","2026-07-06T03:52:40"
"v9-06e1-legal-static-copy-seed-pre-20260706-035307","1442603","2026-07-06T03:53:08","2026-07-06T03:53:07"
"v9-06e14-service-admin-fields-service-tree-demo-content-repair-pre-20260707T104318Z","1581554","2026-07-07T17:43:18","2026-07-07T17:43:18"
"v9-06e14-service-admin-fields-service-tree-demo-content-repair-pre-20260707T104328Z","1666693","2026-07-07T17:43:28","2026-07-07T17:43:28"
"v9-06e15-service-mini-description-source-subdivision-sliders-regression-repair-pre-20260707T115432Z","1702951","2026-07-07T18:54:32","2026-07-07T18:54:32"
"v9-06e16-pre-admin-architecture-and-cleanup-audit-20260707-223340","2240133","2026-07-07T22:33:42","2026-07-07T22:33:40"
"v9-06e17-site-settings-ia-skeleton-pre-20260707-235348","2121391","2026-07-07T23:55:57","2026-07-07T23:53:48"
"v9-06e18-reusable-blocks-batch-1-fields-pre-20260708-001410","1581055","2026-07-08T00:16:03","2026-07-08T00:14:10"
"v9-06e19-reusable-blocks-admin-visibility-repair-pre-20260708-004956","0","2026-07-08T00:49:56","2026-07-08T00:49:56"
"v9-06e19-reusable-blocks-admin-visibility-repair-pre-20260708-005100","1571812","2026-07-08T00:54:30","2026-07-08T00:51:01"
"v9-06e2-legal-layout-menu-alignment-repair-pre-20260706-041056","1446203","2026-07-06T04:10:56","2026-07-06T04:10:56"
"v9-06e20-remove-reviews-alias-from-site-settings-pre-20260708-022042","2221235","2026-07-08T02:24:16","2026-07-08T02:20:42"
"v9-06e21-reusable-blocks-batch-2-fields-pre-20260708-024557","2202965","2026-07-08T02:45:57","2026-07-08T02:45:57"
"v9-06e22-remove-global-heroes-settings-pre-20260708-034456","1824967","2026-07-08T03:47:19","2026-07-08T03:44:56"
"v9-06e24-hero-cta-button-text-per-entity-pre-20260707-212945","1837016","2026-07-08T04:29:47","2026-07-08T04:29:45"
"v9-06e24a-service-structured-sections-required-field-polish-pre-20260708T173446Z","2047708","2026-07-09T00:34:46","2026-07-09T00:34:46"
"v9-06e25-service-duplicate-feature-pre-20260708T175440Z","2103152","2026-07-09T00:54:40","2026-07-09T00:54:40"
"v9-06e25a-service-duplicate-action-visibility-repair-pre-20260708T181644Z","0","2026-07-09T01:16:44","2026-07-09T01:16:44"
"v9-06e25a-service-duplicate-action-visibility-repair-pre-20260708T181800Z","2076970","2026-07-09T01:18:11","2026-07-09T01:16:52"
"v9-06e26a-about-page-wordpress-acf-port-pre-20260709-115450","2004510","2026-07-09T18:54:51","2026-07-09T18:54:50"
"v9-06e26b-blog-archive-wordpress-acf-port-pre-20260709-131602","2022147","2026-07-09T20:16:03","2026-07-09T20:16:02"
"v9-06e26c-blog-single-template-wordpress-acf-port-pre-20260709-134116","2023144","2026-07-09T20:41:16","2026-07-09T20:41:16"
"v9-06e26c-blog-single-template-wordpress-acf-port-pre-20260709-134131","2027311","2026-07-09T20:41:32","2026-07-09T20:41:31"
"v9-06e26d-demo-blog-content-and-visual-qa-pre-20260709-143210","2027303","2026-07-09T21:32:11","2026-07-09T21:32:10"
"v9-06e26d-polish-encoding-mojibake-audit-and-fix-pre-20260709-155235","2188560","2026-07-09T22:52:39","2026-07-09T22:52:35"
"v9-06e26d-polish-encoding-mojibake-audit-and-fix-pre-20260709-155416","2220569","2026-07-09T22:54:20","2026-07-09T22:54:16"
"v9-06e27b-low-risk-obsolete-cleanup-pre-20260709-171947","2041332","2026-07-10T00:20:04","2026-07-10T00:19:47"
"v9-06e27d-page-service-ownership-implementation-pre-20260709-183427","2070709","2026-07-10T01:34:39","2026-07-10T01:34:27"
"v9-06e29b-fix-ocentre-admin-ui-pre-20260710-134101","2260389","2026-07-10T13:41:01","2026-07-10T13:41:01"
"v9-06e29b-fix-ocentre-admin-ui-pre-20260710-134255","2392161","2026-07-10T13:42:55","2026-07-10T13:42:55"
"v9-06e29b-fix2c-acf-location-rule-repair-pre-20260710-152257","2440518","2026-07-10T15:22:57","2026-07-10T15:22:57"
"v9-06e29b-full-site-backup-pre-20260710-035311","297730826","2026-07-10T03:53:18","2026-07-10T03:53:11"
"v9-06e29c-e35-fix01-persistence-before-20260713-032549","118655250","2026-07-13T03:32:44","2026-07-13T03:25:49"
"v9-06e29c-structure-completion-pre-20260710T133633Z","118361097","2026-07-10T20:36:35","2026-07-10T20:36:33"
"v9-06e30-services-catalog-before-20260712-213642","1487679","2026-07-12T21:41:04","2026-07-12T21:36:42"
"v9-06e31-accepted-local-state-before-feedback-20260713-000640","1367077567","2026-07-13T00:14:10","2026-07-13T00:06:40"
"v9-06e31-program-pages-links-validation-before-20260712-223200","1592984","2026-07-12T22:32:13","2026-07-12T22:31:22"
"v9-06e32-home-services-gallery-before-20260713-003442","118684068","2026-07-13T00:35:23","2026-07-13T00:34:42"
"v9-06e33-fix01-uslugi-slider-match-home-before-20260713-014249","119750208","2026-07-13T01:45:35","2026-07-13T01:42:49"
"v9-06e33-service-images-uslugi-slider-before-20260713-012211","119907982","2026-07-13T01:26:17","2026-07-13T01:22:11"
"v9-06e34-specialists-pages-slider-before-20260713-020509","119840544","2026-07-13T02:08:28","2026-07-13T02:05:09"
"v9-06e35-fix01-alcohol-article-image-before-20260713-030319","3395130","2026-07-13T03:04:52","2026-07-13T03:03:19"
"v9-06e36-e37-persistence-before-20260713-042025","904762","2026-07-13T04:21:22","2026-07-13T04:20:49"
"v9-06e36-home-recovery-life-mobile-before-20260713-034546","120828244","2026-07-13T03:46:54","2026-07-13T03:46:01"
"v9-06e37-home-rehabilitation-program-direction-mobile-before-20260713-040259","143025818","2026-07-13T04:03:32","2026-07-13T04:02:59"
"v9-06e38-fix01-home-admin-orphan-hygiene-before-20260713-193615","119095592","2026-07-13T19:36:29","2026-07-13T19:36:15"
"v9-06e38-home-admin-parity-uslugi-links-before-20260713-190141","119028497","2026-07-13T19:02:20","2026-07-13T19:01:41"
"v9-06e39-home-admin-order-localization-before-20260714-001557","118084573","2026-07-14T00:16:28","2026-07-14T00:15:57"
"v9-06e40-home-admin-editable-blocks-before-20260714-010957","118124175","2026-07-14T01:13:34","2026-07-14T01:09:57"
"v9-06e41-fix01-hero-height-rehab-intro-before-20260714-024847","119080236","2026-07-14T02:48:57","2026-07-14T02:48:47"
"v9-06e41-home-admin-hero-toggles-recovery-life-before-20260714-015935","118625493","2026-07-14T01:59:49","2026-07-14T01:59:35"
"v9-06e42-home-freeze-accepted-before-next-page-types-20260714-033407","207955418","2026-07-14T03:35:44","2026-07-14T03:34:07"
"v9-06e43-fix01-services-category-intro-lead-before-20260714-044434","120642282","2026-07-14T04:44:41","2026-07-14T04:44:34"
"v9-06e43-services-hub-admin-parity-before-20260714-040826","120396877","2026-07-14T04:08:29","2026-07-14T04:08:26"
"v9-06e44-services-hub-freeze-before-layout-governance-20260714-051559","119448782","2026-07-14T05:16:18","2026-07-14T05:15:59"
"v9-06e45-fix01-service-layout-model-before-20260714-180233","121967634","2026-07-14T18:07:14","2026-07-14T18:02:33"
"v9-06e45-fix02-rename-alcohol-special-before-20260714-183309","121103074","2026-07-14T18:33:42","2026-07-14T18:33:09"
"v9-06e45-fix03-service-layout-selector-simplification-before-20260714-202448","122268475","2026-07-14T20:26:44","2026-07-14T20:24:48"
"v9-06e45-service-layout-variant-implementation-before-20260714-163201","121273115","2026-07-14T16:37:13","2026-07-14T16:32:01"
"v9-06e46-fix01-service-section-hero-admin-separation-before-20260714-214425","121769375","2026-07-14T21:45:49","2026-07-14T21:44:25"
"v9-06e46-fix02-section-repeaters-stages-before-20260714-225532","121344085","2026-07-14T22:59:12","2026-07-14T22:55:32"
"v9-06e46-fix03-section-cta-program-fallback-before-20260714-234056","120515319","2026-07-14T23:42:01","2026-07-14T23:40:56"
"v9-06e46-fix04-section-admin-cleanup-landscape-before-20260715-002138","120505266","2026-07-15T00:21:41","2026-07-15T00:21:38"
"v9-06e46-fix05-section-demo-data-no-template-fallback-before-20260715-004351","120598109","2026-07-15T00:46:32","2026-07-15T00:43:51"
"v9-06e46-service-section-admin-parity-zavisimosti-before-20260714-210729","121731080","2026-07-14T21:11:14","2026-07-14T21:07:29"
"v9-06e47-fix01-service-general-admin-ux-cleanup-before-20260715-125222","121754301","2026-07-15T12:54:59","2026-07-15T12:52:22"
"v9-06e47-fix02-service-general-acf-render-before-20260715-133411","122033925","2026-07-15T13:35:48","2026-07-15T13:34:11"
"v9-06e47-fix03-service-general-signs-readmore-before-20260715-160233","123738244","2026-07-15T16:04:20","2026-07-15T16:02:33"
"v9-06e47-fix04-service-signs-readmore-toggle-before-20260715-170136","123267650","2026-07-15T17:02:03","2026-07-15T17:01:36"
"v9-06e47-service-general-admin-parity-alcohol-before-20260715-114038","120765581","2026-07-15T11:45:07","2026-07-15T11:40:38"
"v9-06e47-service-general-freeze-accepted-before-next-phase-20260715-175228","209524892","2026-07-15T17:56:53","2026-07-15T17:52:28"
"v9-06e48-representative-services-rollout-before-20260715-203048","212962975","2026-07-15T20:34:04","2026-07-15T20:30:48"
"v9-06e49-fix01-restore-315-service-layout-before-20260716-023509","126877604","2026-07-16T02:35:26","2026-07-16T02:35:10"
"v9-06e49-full-service-rollout-before-20260715-212933","215749228","2026-07-15T21:34:04","2026-07-15T21:29:33"
"v9-06e49-full-service-rollout-freeze-accepted-after-fix01-before-next-phase-20260716-025224","217207189","2026-07-16T02:55:18","2026-07-16T02:52:24"
"v9-06e49-full-service-rollout-freeze-accepted-before-next-phase-20260716-021704","219204532","2026-07-16T02:19:32","2026-07-16T02:17:04"
"v9-06e50-service-sections-demo-acf-sot-before-20260715-222858","122574378","2026-07-15T22:32:45","2026-07-15T22:28:58"
"v9-06e50-service-sections-demo-acf-sot-freeze-accepted-before-next-phase-20260715-230201","210772363","2026-07-15T23:04:53","2026-07-15T23:02:01"
"v9-06e51-fix01-placeholder-manual-switch-persistence-before-20260716-001214","122342396","2026-07-16T00:13:21","2026-07-16T00:12:14"
"v9-06e51-fix02-real-admin-placeholder-switch-before-20260716-010437","125287972","2026-07-16T01:05:17","2026-07-16T01:04:37"
"v9-06e51-placeholder-layout-mode-restore-before-20260715-234500","124236482","2026-07-15T23:45:21","2026-07-15T23:45:00"
"v9-06e51-placeholder-mode-freeze-accepted-before-next-phase-20260716-013604","211868316","2026-07-16T01:38:55","2026-07-16T01:36:04"
"v9-06e52-generic-pages-demo-acf-sot-placeholder-before-20260716-043208","0","2026-07-16T04:32:08","2026-07-16T04:32:08"
"v9-06e52-generic-pages-demo-acf-sot-placeholder-before-20260716-043220","123330257","2026-07-16T04:32:57","2026-07-16T04:32:20"
"v9-06e53-admin-ux-section-styling-before-20260716-051631","131819455","2026-07-16T05:19:36","2026-07-16T05:16:31"
"v9-06e53-admin-ux-section-styling-freeze-accepted-before-experience-pack-20260716-053214","122050690","2026-07-16T05:33:55","2026-07-16T05:33:38"
"v9-06e54-after-web-gpt-chat-migration-before-floating-header-work-20260716-150606","1051030051","2026-07-16T15:06:17","2026-07-16T15:06:06"
"v9-06e54-fix01-before-background-menu-scroll-fix-20260716-153527","70835","2026-07-16T15:35:28","2026-07-16T15:35:27"
"v9-06e55-before-site-settings-admin-ux-20260716-162242","12881","2026-07-16T16:22:42","2026-07-16T16:22:42"
"v9-06e56-before-operator-refinements-batch-01-20260716-181633","1081577529","2026-07-16T18:24:43","2026-07-16T18:16:33"
"v9-06e56-fu01-before-hero-slider-font-follow-up-20260716-191824","1996530","2026-07-16T19:18:25","2026-07-16T19:18:24"
"v9-06e56-fu02-before-libertinus-serif-20260716-210337","7227942","2026-07-16T21:03:37","2026-07-16T21:03:37"
"v9-06e57-before-lifebuoy-global-parallax-20260716-212623","1442192","2026-07-16T21:26:23","2026-07-16T21:26:23"
"v9-06e57-fix01-before-lifebuoy-motion-refinement-20260716-214936","1383175","2026-07-16T21:49:36","2026-07-16T21:49:36"
"v9-06e57-fix02-before-lifebuoy-start-reveal-easing-rotation-20260716-220628","1373048","2026-07-16T22:06:28","2026-07-16T22:06:28"
"v9-06e58-current-baseline-freeze-before-visual-audit-20260716-225434","1423721749","2026-07-16T22:55:15","2026-07-16T22:54:34"
"v9-06e59-before-layout-polish-maps-footer-comfort-admin-20260717-001046","293509283","2026-07-17T00:10:48","2026-07-17T00:10:46"
"v9-06e59-fix01-before-comfort-contacts-footer-corrections-20260717-013408","295300476","2026-07-17T01:34:30","2026-07-17T01:34:08"
"v9-06e60-before-nav-breadcrumb-cta-service-links-20260717-015352","7724134","2026-07-17T01:53:53","2026-07-17T01:53:52"
"v9-06e60-fix01-before-breadcrumb-subnav-reviews-correction-20260717-020758","9229585","2026-07-17T02:07:58","2026-07-17T02:07:58"
"v9-06e61-before-admin-controls-contacts-blog-reviews-ocentre-home-20260717-141747","294330379","2026-07-17T14:19:23","2026-07-17T14:17:47"
"v9-06e62a-before-404-breadcrumb-wrapper-phone-mask-20260717-160948","6997834","2026-07-17T16:09:59","2026-07-17T16:09:48"
"v9-06e62b-before-blog-reviews-pagination-seo-demo-content-20260717-162925","7632208","2026-07-17T16:29:26","2026-07-17T16:29:25"
"v9-06e62c-before-ocentre-service-admin-review-anchor-final-regression-20260717-164734","8614830","2026-07-17T16:47:48","2026-07-17T16:47:34"
"v9-06e62d-before-program-mini-descriptions-404-figma-correction-20260717-170730","10284388","2026-07-17T17:07:31","2026-07-17T17:07:30"
"v9-06e62e-before-404-decor-wordpress-search-20260717-173256","6191728","2026-07-17T17:33:03","2026-07-17T17:32:56"
"v9-06e62e-fix01-before-search-wrapper-trigger-placement-20260717-174720","8246079","2026-07-17T17:48:45","2026-07-17T17:47:20"
"v9-06e63-before-stable-v1-closeout-20260718-003355","1543396000","2026-07-18T00:34:54","2026-07-18T00:33:55"
"v9-06e7b-hero-system-finalization-pre-20260706-185846","1555002","2026-07-06T18:58:46","2026-07-06T18:58:46"
"v9-06e8-static-v9-content-main-layout-authority-repair-pre-20260706-230033","0","2026-07-06T23:00:33","2026-07-06T23:00:33"
"v9-06e8-static-v9-content-main-layout-authority-repair-pre-20260706-230100","1470738","2026-07-06T23:01:28","2026-07-06T23:01:28"
"v9-stable-v1-near-production-freeze-20260718-004137","1251968899","2026-07-18T00:41:49","2026-07-18T00:41:37"
"wpilot-pre-dev-runtime-reconciliation-20260702T161228Z","142167","2026-07-02T23:13:00","2026-07-02T23:12:28"
