"group_id","phrase","final_action","explanation"
"CORV-G08-01","интеграц","REMOVE","blocks active phrase"
"CORV-G08-01","маркировка","REMOVE","blocks active phrase"
"CORV-G08-02","настрой","REMOVE","blocks active phrase"
"CORV-G08-02","маркировка","REMOVE","blocks active phrase"
"CORV-G08-02","пиот настрой","REMOVE","blocks active phrase"
"CORV-G06-05","вода","KEEP","no collision"
"CORV-G06-05","лекарств","REMOVE","blocks active phrase"
"CORV-G06-05","косметик","REMOVE","blocks active phrase"
"CORV-G06-05","автозапчаст","REMOVE","blocks active phrase"
"CORV-G06-05","масл","REMOVE","blocks active phrase"
"CORV-G06-05","алкогол","KEEP","no collision"
"CORV-G06-06","пив","REMOVE","blocks active phrase"
"CORV-G06-06","алкогол","KEEP","no collision"
"CORV-G06-06","лекарств","REMOVE","blocks active phrase"
"CORV-G06-06","косметик","REMOVE","blocks active phrase"
"CORV-G06-06","автозапчаст","REMOVE","blocks active phrase"
"CORV-G06-07","пив","REMOVE","blocks active phrase"
"CORV-G06-07","вода","KEEP","no collision"
"CORV-G06-07","лекарств","REMOVE","blocks active phrase"
"CORV-G06-07","автозапчаст","REMOVE","blocks active phrase"
"CORV-G06-07","масл","REMOVE","blocks active phrase"
"CORV-G06-08","пив","REMOVE","blocks active phrase"
"CORV-G06-08","вода","KEEP","no collision"
"CORV-G06-08","косметик","REMOVE","blocks active phrase"
"CORV-G06-08","автозапчаст","REMOVE","blocks active phrase"
"CORV-G06-08","подлежит","KEEP","no collision"
"CORV-G06-08","сроки","KEEP","no collision"
"CORV-G06-08","как настроить","KEEP","no collision"
"CORV-G06-09","пив","REMOVE","blocks active phrase"
"CORV-G06-09","вода","KEEP","no collision"
"CORV-G06-09","лекарств","REMOVE","blocks active phrase"
"CORV-G06-09","косметик","REMOVE","blocks active phrase"
"CORV-G06-10","лекарств","REMOVE","blocks active phrase"
"CORV-G06-10","пив","REMOVE","blocks active phrase"
"CORV-G06-10","вода","KEEP","no collision"
"CORV-G06-10","косметик","REMOVE","blocks active phrase"
"CORV-G06-10","подлежит","KEEP","no collision"
"CORV-G06-10","сроки","KEEP","no collision"
"CORV-G06-10","какие","KEEP","no collision"
"CORV-G06-11","пив","REMOVE","blocks active phrase"
"CORV-G06-11","вода","KEEP","no collision"
"CORV-G06-11","лекарств","REMOVE","blocks active phrase"
"CORV-G06-11","автозапчаст","REMOVE","blocks active phrase"
"CORV-G06-12","пив","REMOVE","blocks active phrase"
"CORV-G06-12","вода","KEEP","no collision"
"CORV-G06-12","лекарств","REMOVE","blocks active phrase"
"CORV-G06-12","косметик","REMOVE","blocks active phrase"
"CORV-G06-13","пив","REMOVE","blocks active phrase"
"CORV-G06-13","вода","KEEP","no collision"
"CORV-G06-13","лекарств","REMOVE","blocks active phrase"
"CORV-G06-13","косметик","REMOVE","blocks active phrase"
"CORV-G06-03","доработка","REMOVE","blocks active phrase"
"CORV-G06-03","программист","REMOVE","blocks active phrase"
"CORV-G06-03","отчет","REMOVE","blocks active phrase"
"CORV-G06-03","пив","REMOVE","blocks active phrase"
"CORV-G06-03","вода","KEEP","no collision"
"CORV-G06-03","подключ","REMOVE","blocks active phrase"
"CORV-G06-04","подключ","REMOVE","blocks active phrase"
"CORV-G06-04","настрой","REMOVE","blocks active phrase"
"CORV-G06-04","пив","REMOVE","blocks active phrase"
"CORV-G06-04","вода","KEEP","no collision"
"CORV-G06-04","лекарств","REMOVE","blocks active phrase"
"CORV-G06-01","честный знак","REMOVE","blocks active phrase"
"CORV-G06-01","пив","REMOVE","blocks active phrase"
"CORV-G06-01","вода","KEEP","no collision"
"CORV-G06-01","лекарств","REMOVE","blocks active phrase"
"CORV-G06-01","косметик","REMOVE","blocks active phrase"
"CORV-G06-01","автозапчаст","REMOVE","blocks active phrase"
"CORV-G06-01","ошибк","REMOVE","blocks active phrase"
"CORV-G06-02","честный знак","REMOVE","blocks active phrase"
"CORV-G06-02","пив","REMOVE","blocks active phrase"
"CORV-G06-02","вода","KEEP","no collision"
"CORV-G06-02","лекарств","REMOVE","blocks active phrase"
"CORV-G06-02","подключ","REMOVE","blocks active phrase"
"CORV-G07-03","ошибка после обновления","KEEP","no collision"
"CORV-G07-03","восстановлен","REMOVE","blocks active phrase"
"CORV-G07-03","запуска","KEEP","no collision"
"CORV-G07-02","не работает","REMOVE","blocks active phrase"
"CORV-G07-02","обмен","REMOVE","blocks active phrase"
"CORV-G07-02","синхронизация","REMOVE","blocks active phrase"
"CORV-G07-02","восстановлен","REMOVE","blocks active phrase"
"CORV-G07-04","не работает","REMOVE","blocks active phrase"
"CORV-G07-04","обмен","REMOVE","blocks active phrase"
"CORV-G07-04","ошибка","REMOVE","blocks active phrase"
"CORV-G07-04","синхронизация","REMOVE","blocks active phrase"
"CORV-G07-01","ошибка","REMOVE","blocks active phrase"
"CORV-G07-01","обмен","REMOVE","blocks active phrase"
"CORV-G07-01","синхронизация","REMOVE","blocks active phrase"
"CORV-G07-01","восстановлен","REMOVE","blocks active phrase"
"CORV-G07-01","после обновлен","REMOVE","blocks active phrase"
"CORV-G05-02","касса","REMOVE","blocks active phrase"
"CORV-G05-02","маркировка","REMOVE","blocks active phrase"
"CORV-G05-02","обмен","REMOVE","blocks active phrase"
"CORV-G05-02","перенос","REMOVE","blocks active phrase"
"CORV-G05-01","битрикс","REMOVE","blocks active phrase"
"CORV-G05-01","касса","REMOVE","blocks active phrase"
"CORV-G05-01","маркировка","REMOVE","blocks active phrase"
"CORV-G05-01","перенос данных","REMOVE","blocks active phrase"
"CORV-G05-03","сайт","REMOVE","blocks active phrase"
"CORV-G05-03","битрикс","REMOVE","blocks active phrase"
"CORV-G05-03","маркировка","REMOVE","blocks active phrase"
"CORV-G05-03","перенос","REMOVE","blocks active phrase"
"CORV-G05-06","синхронизация","REMOVE","blocks active phrase"
"CORV-G05-06","обмен","REMOVE","blocks active phrase"
"CORV-G05-06","сайт","REMOVE","blocks active phrase"
"CORV-G05-06","битрикс","REMOVE","blocks active phrase"
"CORV-G05-06","касса","REMOVE","blocks active phrase"
"CORV-G05-04","сайт","REMOVE","blocks active phrase"
"CORV-G05-04","битрикс","REMOVE","blocks active phrase"
"CORV-G05-04","перенос данных","REMOVE","blocks active phrase"
"CORV-G05-04","касса","REMOVE","blocks active phrase"
"CORV-G05-04","настройк обмен","KEEP","no collision"
"CORV-G05-05","сайт","REMOVE","blocks active phrase"
"CORV-G05-05","битрикс","REMOVE","blocks active phrase"
"CORV-G05-05","касса","REMOVE","blocks active phrase"
"CORV-G05-05","перенос","REMOVE","blocks active phrase"
"CORV-G04-01","закупок","REMOVE","blocks active phrase"
"CORV-G04-01","планирован","REMOVE","blocks active phrase"
"CORV-G04-01","календар","REMOVE","blocks active phrase"
"CORV-G04-01","платеж","REMOVE","blocks active phrase"
"CORV-G04-02","себестоим","REMOVE","blocks active phrase"
"CORV-G04-02","календар","REMOVE","blocks active phrase"
"CORV-G04-02","платеж","REMOVE","blocks active phrase"
"CORV-G04-03","себестоим","REMOVE","blocks active phrase"
"CORV-G04-03","закупок","REMOVE","blocks active phrase"
"CORV-G04-03","планирован","REMOVE","blocks active phrase"
"CORV-G03-04","отчет","REMOVE","blocks active phrase"
"CORV-G03-04","рмк","REMOVE","blocks active phrase"
"CORV-G03-04","маркировка","REMOVE","blocks active phrase"
"CORV-G03-04","создан","REMOVE","blocks active phrase"
"CORV-G03-06","отчет","REMOVE","blocks active phrase"
"CORV-G03-06","печатная форма","REMOVE","blocks active phrase"
"CORV-G03-06","маркировка","REMOVE","blocks active phrase"
"CORV-G03-06","внешн","REMOVE","blocks active phrase"
"CORV-G03-06","касса","REMOVE","blocks active phrase"
"CORV-G03-05","рмк","REMOVE","blocks active phrase"
"CORV-G03-05","маркировка","REMOVE","blocks active phrase"
"CORV-G03-02","печатная форма","REMOVE","blocks active phrase"
"CORV-G03-02","доработк","REMOVE","blocks active phrase"
"CORV-G03-02","внешн","REMOVE","blocks active phrase"
"CORV-G03-02","маркировка","REMOVE","blocks active phrase"
"CORV-G03-02","рмк","REMOVE","blocks active phrase"
"CORV-G03-01","печатная форма","REMOVE","blocks active phrase"
"CORV-G03-01","внешн","REMOVE","blocks active phrase"
"CORV-G03-01","создан","REMOVE","blocks active phrase"
"CORV-G03-01","маркировка","REMOVE","blocks active phrase"
"CORV-G03-01","рмк","REMOVE","blocks active phrase"
"CORV-G03-03","отчет","REMOVE","blocks active phrase"
"CORV-G03-03","доработк","REMOVE","blocks active phrase"
"CORV-G03-03","рмк","REMOVE","blocks active phrase"
"CORV-G03-03","маркировка","REMOVE","blocks active phrase"
"CORV-G03-03","внешн","REMOVE","blocks active phrase"
"CORV-G02-04","перенос","REMOVE","blocks active phrase"
"CORV-G02-04","исправлен","REMOVE","blocks active phrase"
"CORV-G02-04","база","KEEP","no collision"
"CORV-G02-05","исправлен","REMOVE","blocks active phrase"
"CORV-G02-05","конфигурац","REMOVE","blocks active phrase"
"CORV-G02-05","база","KEEP","no collision"
"CORV-G02-06","перенос","REMOVE","blocks active phrase"
"CORV-G02-06","конфигурац","REMOVE","blocks active phrase"
"CORV-G02-06","база","KEEP","no collision"
"CORV-G02-02","отчет","REMOVE","blocks active phrase"
"CORV-G02-02","печатная форма","REMOVE","blocks active phrase"
"CORV-G02-02","маркировка","REMOVE","blocks active phrase"
"CORV-G02-02","база","KEEP","no collision"
"CORV-G02-02","перенос","REMOVE","blocks active phrase"
"CORV-G02-02","исправлен","REMOVE","blocks active phrase"
"CORV-G02-03","отчет","REMOVE","blocks active phrase"
"CORV-G02-03","печатная форма","REMOVE","blocks active phrase"
"CORV-G02-03","маркировка","REMOVE","blocks active phrase"
"CORV-G02-03","конфигурац","REMOVE","blocks active phrase"
"CORV-G02-03","обновлен","REMOVE","blocks active phrase"
"CORV-G02-03","перенос","REMOVE","blocks active phrase"
"CORV-G02-01","отчет","REMOVE","blocks active phrase"
"CORV-G02-01","печатная форма","REMOVE","blocks active phrase"
"CORV-G02-01","маркировка","REMOVE","blocks active phrase"
"CORV-G02-01","конфигурац","REMOVE","blocks active phrase"
"CORV-G02-01","база","KEEP","no collision"
"CORV-G02-01","обновлен","REMOVE","blocks active phrase"
"CORV-G02-01","перенос","REMOVE","blocks active phrase"
"CORV-G01-02","маркировка","REMOVE","blocks active phrase"
"CORV-G01-02","не работает","REMOVE","blocks active phrase"
"CORV-G01-02","доработка","REMOVE","blocks active phrase"
"CORV-G01-02","сопровождение","REMOVE","blocks active phrase"
"CORV-G01-02","настройка","REMOVE","blocks active phrase"
"CORV-G01-02","внедрение","REMOVE","blocks active phrase"
"CORV-G01-07","программист","REMOVE","blocks active phrase"
"CORV-G01-07","доработка","REMOVE","blocks active phrase"
"CORV-G01-07","маркировка","REMOVE","blocks active phrase"
"CORV-G01-07","настройка","REMOVE","blocks active phrase"
"CORV-G01-07","разов","REMOVE","blocks active phrase"
"CORV-G01-06","программист","REMOVE","blocks active phrase"
"CORV-G01-06","доработка","REMOVE","blocks active phrase"
"CORV-G01-06","маркировка","REMOVE","blocks active phrase"
"CORV-G01-06","абонент","REMOVE","blocks active phrase"
"CORV-G01-06","настройка","REMOVE","blocks active phrase"
"CORV-G01-06","внедрение","REMOVE","blocks active phrase"
"CORV-G01-05","программист","REMOVE","blocks active phrase"
"CORV-G01-05","доработка","REMOVE","blocks active phrase"
"CORV-G01-05","маркировка","REMOVE","blocks active phrase"
"CORV-G01-05","не работает","REMOVE","blocks active phrase"
"CORV-G01-05","абонент","REMOVE","blocks active phrase"
"CORV-G01-05","настройка","REMOVE","blocks active phrase"
"CORV-G01-05","внедрение","REMOVE","blocks active phrase"
"CORV-G01-05","разов","REMOVE","blocks active phrase"
"CORV-G01-04","настройка","REMOVE","blocks active phrase"
"CORV-G01-04","сопровождение","REMOVE","blocks active phrase"
"CORV-G01-04","маркировка","REMOVE","blocks active phrase"
"CORV-G01-04","доработка","REMOVE","blocks active phrase"
"CORV-G01-03","внедрение","REMOVE","blocks active phrase"
"CORV-G01-03","маркировка","REMOVE","blocks active phrase"
"CORV-G01-03","интеграция","REMOVE","blocks active phrase"
"CORV-G01-03","доработка","REMOVE","blocks active phrase"
"CORV-G01-03","сопровождение","REMOVE","blocks active phrase"
"CORV-G01-03","разов","REMOVE","blocks active phrase"
"CORV-G01-08","маркировка","REMOVE","blocks active phrase"
"CORV-G01-08","сопровождение","REMOVE","blocks active phrase"
"CORV-G01-08","абонент","REMOVE","blocks active phrase"
"CORV-G01-08","настройка","REMOVE","blocks active phrase"
"CORV-G01-08","внедрение","REMOVE","blocks active phrase"
"CORV-G01-01","новосибирск","REMOVE","blocks active phrase"
"CORV-G01-01","сопровождение","REMOVE","blocks active phrase"
"CORV-G01-01","доработка","REMOVE","blocks active phrase"
"CORV-G01-01","маркировка","REMOVE","blocks active phrase"
"CORV-G01-01","не работает","REMOVE","blocks active phrase"
"CORV-G01-01","настройка","REMOVE","blocks active phrase"
"CORV-G01-01","внедрение","REMOVE","blocks active phrase"
"CORV-G01-01","абонент","REMOVE","blocks active phrase"
"CORV-G01-01","разов","REMOVE","blocks active phrase"