"group_id","marker","phrase","bid","tier","decision","commercial_conf","hypothesis"
"CORV-G08-01","[C08]","1с розница подключение тс пиот","550","T1","ACTIVE COMMERCIAL","HIGH","Не применимо — ключевое слово не является контролируемым тестом"
"CORV-G08-01","[C08]","настройка подключения к тс пиот 1с","542","T1","ACTIVE COMMERCIAL","HIGH","Не применимо — ключевое слово не является контролируемым тестом"
"CORV-G08-01","[C08]","настройка подключения к тс пиот 1с розница","527","T1","ACTIVE COMMERCIAL","HIGH","Не применимо — ключевое слово не является контролируемым тестом"
"CORV-G08-01","[C08]","настройка тс пиот в 1с розница","512","T1","ACTIVE COMMERCIAL","HIGH","Не применимо — ключевое слово не является контролируемым тестом"
"CORV-G08-01","[C08]","настройка тс пиот в 1с розница 2.3","250","T3","CONTROLLED TEST — JUSTIFIED","CONTROLLED","Narrow test: users configuring TS PIOT/marking in 1C retail may convert to paid setup for «настройка тс пиот в 1с розница 2.3»."
"CORV-G08-01","[C08]","настройка тс пиот в 1с розница 3","250","T3","CONTROLLED TEST — JUSTIFIED","CONTROLLED","Narrow test: users configuring TS PIOT/marking in 1C retail may convert to paid setup for «настройка тс пиот в 1с розница 3»."
"CORV-G08-01","[C08]","настройка тс пиот в 1с розница 3.0","250","T3","CONTROLLED TEST — JUSTIFIED","CONTROLLED","Narrow test: users configuring TS PIOT/marking in 1C retail may convert to paid setup for «настройка тс пиот в 1с розница 3.0»."
"CORV-G08-01","[C08]","настройка тс пиот в 1с унф","452","T1","ACTIVE COMMERCIAL","HIGH","Не применимо — ключевое слово не является контролируемым тестом"
"CORV-G08-01","[C08]","настройка тс пиот в 1с ут","450","T1","ACTIVE COMMERCIAL","HIGH","Не применимо — ключевое слово не является контролируемым тестом"
"CORV-G08-01","[C08]","настройка тс пиот в 1с ут 11.5","450","T1","ACTIVE COMMERCIAL","HIGH","Не применимо — ключевое слово не является контролируемым тестом"
"CORV-G08-01","[C08]","не удалось подключиться к тс пиоту 1с","450","T1","ACTIVE COMMERCIAL","HIGH","Не применимо — ключевое слово не является контролируемым тестом"
"CORV-G08-01","[C08]","подключение тс пиот к 1с","450","T1","ACTIVE COMMERCIAL","HIGH","Не применимо — ключевое слово не является контролируемым тестом"
"CORV-G08-01","[C08]","тс пиот 1с розница 2.3","250","T3","CONTROLLED TEST — JUSTIFIED","CONTROLLED","Narrow test: users configuring TS PIOT/marking in 1C retail may convert to paid setup for «тс пиот 1с розница 2.3»."
"CORV-G08-01","[C08]","тс пиот 1с розница 3","250","T3","CONTROLLED TEST — JUSTIFIED","CONTROLLED","Narrow test: users configuring TS PIOT/marking in 1C retail may convert to paid setup for «тс пиот 1с розница 3»."
"CORV-G08-01","[C08]","тс пиот 1с розница 3.0","250","T3","CONTROLLED TEST — JUSTIFIED","CONTROLLED","Narrow test: users configuring TS PIOT/marking in 1C retail may convert to paid setup for «тс пиот 1с розница 3.0»."
"CORV-G08-01","[C08]","тс пиот и 1с розница","250","T3","CONTROLLED TEST — JUSTIFIED","CONTROLLED","Narrow test: users configuring TS PIOT/marking in 1C retail may convert to paid setup for «тс пиот и 1с розница»."
"CORV-G08-01","[C08]","тс пиот настройка в 1с","450","T1","ACTIVE COMMERCIAL","HIGH","Не применимо — ключевое слово не является контролируемым тестом"
"CORV-G08-01","[C08]","тс пиот честный знак 1с розница","250","T3","CONTROLLED TEST — JUSTIFIED","CONTROLLED","Narrow test: users configuring TS PIOT/marking in 1C retail may convert to paid setup for «тс пиот честный знак 1с розница»."
"CORV-G08-02","[C08]","1с ут тс пиот","550","T1","ACTIVE COMMERCIAL","HIGH","Не применимо — ключевое слово не является контролируемым тестом"
"CORV-G08-02","[C08]","модуль тс пиот 1с","542","T1","ACTIVE COMMERCIAL","HIGH","Не применимо — ключевое слово не является контролируемым тестом"
"CORV-G08-02","[C08]","тс пиот 1с атол","527","T1","ACTIVE COMMERCIAL","HIGH","Не применимо — ключевое слово не является контролируемым тестом"
"CORV-G08-02","[C08]","тс пиот 1с бухгалтерия","512","T1","ACTIVE COMMERCIAL","HIGH","Не применимо — ключевое слово не является контролируемым тестом"
"CORV-G08-02","[C08]","тс пиот 1с касса","497","T1","ACTIVE COMMERCIAL","HIGH","Не применимо — ключевое слово не является контролируемым тестом"
"CORV-G08-02","[C08]","тс пиот 1с рмк","482","T1","ACTIVE COMMERCIAL","HIGH","Не применимо — ключевое слово не является контролируемым тестом"
"CORV-G08-02","[C08]","тс пиот в 1с унф","467","T1","ACTIVE COMMERCIAL","HIGH","Не применимо — ключевое слово не является контролируемым тестом"
"CORV-G08-02","[C08]","тс пиот как установить в 1с","452","T1","ACTIVE COMMERCIAL","HIGH","Не применимо — ключевое слово не является контролируемым тестом"
"CORV-G08-02","[C08]","тс пиот установка 1с","450","T1","ACTIVE COMMERCIAL","HIGH","Не применимо — ключевое слово не является контролируемым тестом"
"CORV-G08-02","[C08]","тс пиот честный знак 1с","250","T3","CONTROLLED TEST — JUSTIFIED","CONTROLLED","Narrow test: users configuring TS PIOT/marking in 1C retail may convert to paid setup for «тс пиот честный знак 1с»."
"CORV-G06-05","[C06]","1с маркировка пива","550","T1","ACTIVE COMMERCIAL","HIGH","Не применимо — ключевое слово не является контролируемым тестом"
"CORV-G06-05","[C06]","маркировка пива 1с","532","T1","ACTIVE COMMERCIAL","HIGH","Не применимо — ключевое слово не является контролируемым тестом"
"CORV-G06-06","[C06]","1с маркировка воды","550","T1","ACTIVE COMMERCIAL","HIGH","Не применимо — ключевое слово не является контролируемым тестом"
"CORV-G06-06","[C06]","маркировка воды 1с","532","T1","ACTIVE COMMERCIAL","HIGH","Не применимо — ключевое слово не является контролируемым тестом"
"CORV-G06-06","[C06]","маркировка воды в 1с","507","T1","ACTIVE COMMERCIAL","HIGH","Не применимо — ключевое слово не является контролируемым тестом"
"CORV-G06-07","[C06]","маркировка косметики 1с","550","T1","ACTIVE COMMERCIAL","HIGH","Не применимо — ключевое слово не является контролируемым тестом"
"CORV-G06-08","[C06]","маркировка лекарств","550","T1","ACTIVE COMMERCIAL","HIGH","Не применимо — ключевое слово не является контролируемым тестом"
"CORV-G06-08","[C06]","маркировка лекарств 1с","542","T1","ACTIVE COMMERCIAL","HIGH","Не применимо — ключевое слово не является контролируемым тестом"
"CORV-G06-08","[C06]","маркировка лекарств аптека","250","T3","CONTROLLED TEST — JUSTIFIED","CONTROLLED","Narrow test: users configuring TS PIOT/marking in 1C retail may convert to paid setup for «маркировка лекарств аптека»."
"CORV-G06-08","[C06]","маркировка упаковки лекарств","512","T1","ACTIVE COMMERCIAL","HIGH","Не применимо — ключевое слово не является контролируемым тестом"
"CORV-G06-08","[C06]","проверка маркировки лекарств","497","T1","ACTIVE COMMERCIAL","HIGH","Не применимо — ключевое слово не является контролируемым тестом"
"CORV-G06-08","[C06]","систему маркировки лекарств","482","T1","ACTIVE COMMERCIAL","HIGH","Не применимо — ключевое слово не является контролируемым тестом"
"CORV-G06-08","[C06]","честный знак маркировка лекарств","467","T1","ACTIVE COMMERCIAL","HIGH","Не применимо — ключевое слово не является контролируемым тестом"
"CORV-G06-09","[C06]","маркировка бытовой химии 1с","550","T1","ACTIVE COMMERCIAL","HIGH","Не применимо — ключевое слово не является контролируемым тестом"
"CORV-G06-10","[C06]","автозапчасти маркировка честный знак","550","T1","ACTIVE COMMERCIAL","HIGH","Не применимо — ключевое слово не является контролируемым тестом"
"CORV-G06-10","[C06]","маркировка автозапчастей","542","T1","ACTIVE COMMERCIAL","HIGH","Не применимо — ключевое слово не является контролируемым тестом"
"CORV-G06-10","[C06]","маркировка автозапчастей 1с","527","T1","ACTIVE COMMERCIAL","HIGH","Не применимо — ключевое слово не является контролируемым тестом"
"CORV-G06-10","[C06]","маркировка автозапчастей честный","512","T1","ACTIVE COMMERCIAL","HIGH","Не применимо — ключевое слово не является контролируемым тестом"
"CORV-G06-10","[C06]","маркировка остатков автозапчастей","497","T1","ACTIVE COMMERCIAL","HIGH","Не применимо — ключевое слово не является контролируемым тестом"
"CORV-G06-10","[C06]","маркировка товара автозапчасти","482","T1","ACTIVE COMMERCIAL","HIGH","Не применимо — ключевое слово не является контролируемым тестом"
"CORV-G06-10","[C06]","нужна ли маркировка на автозапчасти","467","T1","ACTIVE COMMERCIAL","HIGH","Не применимо — ключевое слово не является контролируемым тестом"
"CORV-G06-10","[C06]","опубликован проект по маркировке автозапчастей","452","T1","ACTIVE COMMERCIAL","HIGH","Не применимо — ключевое слово не является контролируемым тестом"
"CORV-G06-11","[C06]","в 1с маркировка моторные масла","550","T1","ACTIVE COMMERCIAL","HIGH","Не применимо — ключевое слово не является контролируемым тестом"
"CORV-G06-11","[C06]","маркировка масел 1с","532","T1","ACTIVE COMMERCIAL","HIGH","Не применимо — ключевое слово не является контролируемым тестом"
"CORV-G06-12","[C06]","маркировка техники 1с","550","T1","ACTIVE COMMERCIAL","HIGH","Не применимо — ключевое слово не является контролируемым тестом"
"CORV-G06-13","[C06]","маркировка строительных материалов 1с","550","T1","ACTIVE COMMERCIAL","HIGH","Не применимо — ключевое слово не является контролируемым тестом"
"CORV-G06-03","[C06]","1с 8.3 честный знак","250","T3","CONTROLLED TEST — JUSTIFIED","CONTROLLED","Narrow test: users configuring TS PIOT/marking in 1C retail may convert to paid setup for «1с 8.3 честный знак»."
"CORV-G06-03","[C06]","1с бухгалтерия честный знак","542","T1","ACTIVE COMMERCIAL","HIGH","Не применимо — ключевое слово не является контролируемым тестом"
"CORV-G06-03","[C06]","1с номенклатура честный знак","527","T1","ACTIVE COMMERCIAL","HIGH","Не применимо — ключевое слово не является контролируемым тестом"
"CORV-G06-03","[C06]","1с торговля честный знак","512","T1","ACTIVE COMMERCIAL","HIGH","Не применимо — ключевое слово не является контролируемым тестом"
"CORV-G06-03","[C06]","1с унф честный знак","497","T1","ACTIVE COMMERCIAL","HIGH","Не применимо — ключевое слово не является контролируемым тестом"
"CORV-G06-03","[C06]","агрегация кодов маркировки честный знак в 1с","482","T1","ACTIVE COMMERCIAL","HIGH","Не применимо — ключевое слово не является контролируемым тестом"
"CORV-G06-03","[C06]","интеграция 1с и честный знак","467","T1","ACTIVE COMMERCIAL","HIGH","Не применимо — ключевое слово не является контролируемым тестом"
"CORV-G06-03","[C06]","коды маркировки честный знак в 1с","452","T1","ACTIVE COMMERCIAL","HIGH","Не применимо — ключевое слово не является контролируемым тестом"
"CORV-G06-03","[C06]","лм честный знак 1с","450","T1","ACTIVE COMMERCIAL","HIGH","Не применимо — ключевое слово не является контролируемым тестом"
"CORV-G06-03","[C06]","маркировка остатков честный знак в 1с","450","T1","ACTIVE COMMERCIAL","HIGH","Не применимо — ключевое слово не является контролируемым тестом"
"CORV-G06-03","[C06]","маркировка товаров в 1с честный знак","450","T1","ACTIVE COMMERCIAL","HIGH","Не применимо — ключевое слово не является контролируемым тестом"
"CORV-G06-03","[C06]","маркировка честный знак в 1с","450","T1","ACTIVE COMMERCIAL","HIGH","Не применимо — ключевое слово не является контролируемым тестом"
"CORV-G06-03","[C06]","маркировка честный знак в 1с бухгалтерия","450","T1","ACTIVE COMMERCIAL","HIGH","Не применимо — ключевое слово не является контролируемым тестом"
"CORV-G06-03","[C06]","маркировка честный знак в 1с розница","450","T1","ACTIVE COMMERCIAL","HIGH","Не применимо — ключевое слово не является контролируемым тестом"
"CORV-G06-03","[C06]","маркировка честный знак в 1с унф","450","T1","ACTIVE COMMERCIAL","HIGH","Не применимо — ключевое слово не является контролируемым тестом"
"CORV-G06-03","[C06]","маркировка честный знак в 1с ут","450","T1","ACTIVE COMMERCIAL","HIGH","Не применимо — ключевое слово не является контролируемым тестом"
"CORV-G06-03","[C06]","маркировка честный знак в 1с erp","450","T1","ACTIVE COMMERCIAL","HIGH","Не применимо — ключевое слово не является контролируемым тестом"
"CORV-G06-03","[C06]","настройка честного знака в 1с","450","T1","ACTIVE COMMERCIAL","HIGH","Не применимо — ключевое слово не является контролируемым тестом"
"CORV-G06-03","[C06]","работа с маркировкой честный знак в 1с","450","T1","ACTIVE COMMERCIAL","HIGH","Не применимо — ключевое слово не является контролируемым тестом"
"CORV-G06-03","[C06]","работа с честным знаком в 1с","450","T1","ACTIVE COMMERCIAL","HIGH","Не применимо — ключевое слово не является контролируемым тестом"
"CORV-G06-03","[C06]","честный знак 1с","450","T1","ACTIVE COMMERCIAL","HIGH","Не применимо — ключевое слово не является контролируемым тестом"
"CORV-G06-03","[C06]","честный знак в 1с","450","T1","ACTIVE COMMERCIAL","HIGH","Не применимо — ключевое слово не является контролируемым тестом"
"CORV-G06-03","[C06]","честный знак в 1с ут","450","T1","ACTIVE COMMERCIAL","HIGH","Не применимо — ключевое слово не является контролируемым тестом"
"CORV-G06-03","[C06]","честный знак модуль 1с","450","T1","ACTIVE COMMERCIAL","HIGH","Не применимо — ключевое слово не является контролируемым тестом"
"CORV-G06-03","[C06]","честный знак через 1с","450","T1","ACTIVE COMMERCIAL","HIGH","Не применимо — ключевое слово не является контролируемым тестом"
"CORV-G06-04","[C06]","ошибка маркировки 1с","550","T1","ACTIVE COMMERCIAL","HIGH","Не применимо — ключевое слово не является контролируемым тестом"
"CORV-G06-01","[C06]","1с маркировка в производстве","550","T1","ACTIVE COMMERCIAL","HIGH","Не применимо — ключевое слово не является контролируемым тестом"
"CORV-G06-01","[C06]","1с маркировка ввод в оборот","541","T1","ACTIVE COMMERCIAL","HIGH","Не применимо — ключевое слово не является контролируемым тестом"
"CORV-G06-01","[C06]","внедрение маркировки в 1с","526","T1","ACTIVE COMMERCIAL","HIGH","Не применимо — ключевое слово не является контролируемым тестом"
"CORV-G06-01","[C06]","маркировка в 1с","511","T1","ACTIVE COMMERCIAL","HIGH","Не применимо — ключевое слово не является контролируемым тестом"
"CORV-G06-01","[C06]","настроить маркировку в 1с","396","T2","ACTIVE COMMERCIAL","HIGH","Не применимо — ключевое слово не является контролируемым тестом"
"CORV-G06-01","[C06]","настройка маркировки в 1с","381","T2","ACTIVE COMMERCIAL","HIGH","Не применимо — ключевое слово не является контролируемым тестом"
"CORV-G06-01","[C06]","настройка маркировки в 1с бухгалтерия","366","T2","ACTIVE COMMERCIAL","HIGH","Не применимо — ключевое слово не является контролируемым тестом"
"CORV-G06-01","[C06]","настройка маркировки в 1с розница","351","T2","ACTIVE COMMERCIAL","HIGH","Не применимо — ключевое слово не является контролируемым тестом"
"CORV-G06-01","[C06]","настройка маркировки в 1с розница 2.3","350","T2","ACTIVE COMMERCIAL","HIGH","Не применимо — ключевое слово не является контролируемым тестом"
"CORV-G06-01","[C06]","настройка маркировки в 1с розница 3.0","250","T3","CONTROLLED TEST — JUSTIFIED","CONTROLLED","Narrow test: users configuring TS PIOT/marking in 1C retail may convert to paid setup for «настройка маркировки в 1с розница 3.0»."
"CORV-G06-01","[C06]","настройка маркировки в 1с унф","350","T2","ACTIVE COMMERCIAL","HIGH","Не применимо — ключевое слово не является контролируемым тестом"
"CORV-G06-01","[C06]","настройка маркировки в 1с ут","350","T2","ACTIVE COMMERCIAL","HIGH","Не применимо — ключевое слово не является контролируемым тестом"
"CORV-G06-01","[C06]","настройка маркировки в 1с ут 11","350","T2","ACTIVE COMMERCIAL","HIGH","Не применимо — ключевое слово не является контролируемым тестом"
"CORV-G06-01","[C06]","настройка маркировки в 1с ут 11.5","350","T2","ACTIVE COMMERCIAL","HIGH","Не применимо — ключевое слово не является контролируемым тестом"
"CORV-G06-01","[C06]","настройка сканера для маркировки в 1с","350","T2","ACTIVE COMMERCIAL","HIGH","Не применимо — ключевое слово не является контролируемым тестом"
"CORV-G06-01","[C06]","настройки сканирования кодов маркировки в 1с","350","T2","ACTIVE COMMERCIAL","HIGH","Не применимо — ключевое слово не является контролируемым тестом"
"CORV-G06-01","[C06]","подключение маркировки 1с","350","T2","ACTIVE COMMERCIAL","HIGH","Не применимо — ключевое слово не является контролируемым тестом"
"CORV-G06-01","[C06]","подключение маркировки в 1с","350","T2","ACTIVE COMMERCIAL","HIGH","Не применимо — ключевое слово не является контролируемым тестом"
"CORV-G06-02","[C06]","маркировка в 1с розница настройка номенклатуры","550","T1","ACTIVE COMMERCIAL","HIGH","Не применимо — ключевое слово не является контролируемым тестом"
"CORV-G06-02","[C06]","маркировка моторных масел в 1с розница настройка","531","T1","ACTIVE COMMERCIAL","HIGH","Не применимо — ключевое слово не является контролируемым тестом"
"CORV-G06-02","[C06]","настройка маркировки 1с","406","T2","ACTIVE COMMERCIAL","HIGH","Не применимо — ключевое слово не является контролируемым тестом"
"CORV-G07-03","[C07]","не работает синхронизация 1с","550","T1","ACTIVE COMMERCIAL","HIGH","Не применимо — ключевое слово не является контролируемым тестом"
"CORV-G07-03","[C07]","не работает синхронизация 1с 8.3","541","T1","ACTIVE COMMERCIAL","HIGH","Не применимо — ключевое слово не является контролируемым тестом"
"CORV-G07-03","[C07]","после обновления 1с не работает синхронизация","416","T2","ACTIVE COMMERCIAL","HIGH","Не применимо — ключевое слово не является контролируемым тестом"
"CORV-G07-03","[C07]","почему не работает синхронизация в 1с","391","T2","ACTIVE COMMERCIAL","HIGH","Не применимо — ключевое слово не является контролируемым тестом"
"CORV-G07-02","[C07]","1с ошибка печатная форма недоступна","550","T1","ACTIVE COMMERCIAL","HIGH","Не применимо — ключевое слово не является контролируемым тестом"
"CORV-G07-02","[C07]","ошибка 1с","540","T1","ACTIVE COMMERCIAL","HIGH","Не применимо — ключевое слово не является контролируемым тестом"
"CORV-G07-02","[C07]","ошибка 1с после обновления","516","T1","ACTIVE COMMERCIAL","HIGH","Не применимо — ключевое слово не является контролируемым тестом"
"CORV-G07-02","[C07]","ошибки программиста 1с","490","T1","ACTIVE COMMERCIAL","HIGH","Не применимо — ключевое слово не является контролируемым тестом"
"CORV-G07-04","[C07]","восстановление работы 1с","450","T2","ACTIVE NARROW","HIGH","Не применимо — ключевое слово не является контролируемым тестом"
"CORV-G07-01","[C07]","1с не работает","550","T1","ACTIVE COMMERCIAL","HIGH","Не применимо — ключевое слово не является контролируемым тестом"
"CORV-G07-01","[C07]","почему не работает программа 1с","541","T1","ACTIVE COMMERCIAL","HIGH","Не применимо — ключевое слово не является контролируемым тестом"
"CORV-G07-01","[C07]","программа 1с не работает","516","T1","ACTIVE COMMERCIAL","HIGH","Не применимо — ключевое слово не является контролируемым тестом"
"CORV-G07-01","[C07]","срочно программист 1с","490","T1","ACTIVE COMMERCIAL","HIGH","Не применимо — ключевое слово не является контролируемым тестом"
"CORV-G05-02","[C05]","1с битрикс документооборот интеграция","450","T2","ACTIVE COMMERCIAL","HIGH","Не применимо — ключевое слово не является контролируемым тестом"
"CORV-G05-02","[C05]","1с унф битрикс интеграция","441","T2","ACTIVE COMMERCIAL","HIGH","Не применимо — ключевое слово не является контролируемым тестом"
"CORV-G05-02","[C05]","битрикс 24 модуль интеграции с 1с","526","T1","ACTIVE COMMERCIAL","HIGH","Не применимо — ключевое слово не является контролируемым тестом"
"CORV-G05-02","[C05]","битрикс интеграция с 1с","411","T2","ACTIVE COMMERCIAL","HIGH","Не применимо — ключевое слово не является контролируемым тестом"
"CORV-G05-02","[C05]","битрикс интернет магазины интеграцией 1с","396","T2","ACTIVE COMMERCIAL","HIGH","Не применимо — ключевое слово не является контролируемым тестом"
"CORV-G05-02","[C05]","битрикс сайт интеграция с 1с","381","T2","ACTIVE COMMERCIAL","HIGH","Не применимо — ключевое слово не является контролируемым тестом"
"CORV-G05-02","[C05]","битрикс управление сайтом интеграция с 1с","366","T2","ACTIVE COMMERCIAL","HIGH","Не применимо — ключевое слово не является контролируемым тестом"
"CORV-G05-02","[C05]","интеграция 1с битрикс","351","T2","ACTIVE COMMERCIAL","HIGH","Не применимо — ключевое слово не является контролируемым тестом"
"CORV-G05-02","[C05]","интеграция 1с битрикс и битрикс24","350","T2","ACTIVE COMMERCIAL","HIGH","Не применимо — ключевое слово не является контролируемым тестом"
"CORV-G05-02","[C05]","интеграция 1с битрикс магазина с 1с","350","T2","ACTIVE COMMERCIAL","HIGH","Не применимо — ключевое слово не является контролируемым тестом"
"CORV-G05-02","[C05]","интеграция 1с бухгалтерия битрикс","350","T2","ACTIVE COMMERCIAL","HIGH","Не применимо — ключевое слово не является контролируемым тестом"
"CORV-G05-02","[C05]","интеграция 1с бухгалтерия и битрикс 24","350","T2","ACTIVE COMMERCIAL","HIGH","Не применимо — ключевое слово не является контролируемым тестом"
"CORV-G05-02","[C05]","интеграция 1с и битрикс 24","350","T2","ACTIVE COMMERCIAL","HIGH","Не применимо — ключевое слово не является контролируемым тестом"
"CORV-G05-02","[C05]","интеграция битрикс 1с ут","350","T2","ACTIVE COMMERCIAL","HIGH","Не применимо — ключевое слово не является контролируемым тестом"
"CORV-G05-02","[C05]","интеграция битрикс 1с фреш","350","T2","ACTIVE COMMERCIAL","HIGH","Не применимо — ключевое слово не является контролируемым тестом"
"CORV-G05-02","[C05]","интеграция битрикс 1с erp","350","T2","ACTIVE COMMERCIAL","HIGH","Не применимо — ключевое слово не является контролируемым тестом"
"CORV-G05-02","[C05]","интеграция битрикс и 1с управление торговлей","350","T2","ACTIVE COMMERCIAL","HIGH","Не применимо — ключевое слово не является контролируемым тестом"
"CORV-G05-02","[C05]","интеграция сайта 1с битрикс","350","T2","ACTIVE COMMERCIAL","HIGH","Не применимо — ключевое слово не является контролируемым тестом"
"CORV-G05-02","[C05]","модули интеграции 1с битрикс","350","T2","ACTIVE COMMERCIAL","HIGH","Не применимо — ключевое слово не является контролируемым тестом"
"CORV-G05-02","[C05]","настройка интеграции 1с и битрикс","350","T2","ACTIVE COMMERCIAL","HIGH","Не применимо — ключевое слово не является контролируемым тестом"
"CORV-G05-01","[C05]","1с настройка интеграции с сайтом","550","T1","ACTIVE COMMERCIAL","HIGH","Не применимо — ключевое слово не является контролируемым тестом"
"CORV-G05-01","[C05]","1с унф интеграция с сайтом","541","T1","ACTIVE COMMERCIAL","HIGH","Не применимо — ключевое слово не является контролируемым тестом"
"CORV-G05-01","[C05]","интеграция 1с с сайтом","526","T1","ACTIVE COMMERCIAL","HIGH","Не применимо — ключевое слово не является контролируемым тестом"
"CORV-G05-01","[C05]","интеграция сайта с 1с","511","T1","ACTIVE COMMERCIAL","HIGH","Не применимо — ключевое слово не является контролируемым тестом"
"CORV-G05-01","[C05]","интеграция сайта с 1с по api","496","T1","ACTIVE COMMERCIAL","HIGH","Не применимо — ключевое слово не является контролируемым тестом"
"CORV-G05-01","[C05]","обмена с сайтом 1с интеграция","481","T1","ACTIVE COMMERCIAL","HIGH","Не применимо — ключевое слово не является контролируемым тестом"
"CORV-G05-01","[C05]","сайт личного кабинета интеграция с 1с","466","T1","ACTIVE COMMERCIAL","HIGH","Не применимо — ключевое слово не является контролируемым тестом"
"CORV-G05-01","[C05]","синхронизация сайта 1с","451","T1","ACTIVE COMMERCIAL","HIGH","Не применимо — ключевое слово не является контролируемым тестом"
"CORV-G05-01","[C05]","управление сайтом интеграция с 1с","450","T1","ACTIVE COMMERCIAL","HIGH","Не применимо — ключевое слово не является контролируемым тестом"
"CORV-G05-03","[C05]","1с касса синхронизация розница","550","T1","ACTIVE COMMERCIAL","HIGH","Не применимо — ключевое слово не является контролируемым тестом"
"CORV-G05-03","[C05]","1с касса синхронизация с бухгалтерией","541","T1","ACTIVE COMMERCIAL","HIGH","Не применимо — ключевое слово не является контролируемым тестом"
"CORV-G05-03","[C05]","1с мобильная касса настройка синхронизации","426","T2","ACTIVE COMMERCIAL","HIGH","Не применимо — ключевое слово не является контролируемым тестом"
"CORV-G05-03","[C05]","1с мобильная касса синхронизация","511","T1","ACTIVE COMMERCIAL","HIGH","Не применимо — ключевое слово не является контролируемым тестом"
"CORV-G05-03","[C05]","1с мобильная касса синхронизация с 1с бухгалтерия","396","T2","ACTIVE COMMERCIAL","HIGH","Не применимо — ключевое слово не является контролируемым тестом"
"CORV-G05-03","[C05]","1с мобильная касса синхронизация с 1с розница","381","T2","ACTIVE COMMERCIAL","HIGH","Не применимо — ключевое слово не является контролируемым тестом"
"CORV-G05-03","[C05]","интеграция 1с с кассой","366","T2","ACTIVE COMMERCIAL","HIGH","Не применимо — ключевое слово не является контролируемым тестом"
"CORV-G05-03","[C05]","синхронизация 1с касса","451","T1","ACTIVE COMMERCIAL","HIGH","Не применимо — ключевое слово не является контролируемым тестом"
"CORV-G05-03","[C05]","синхронизация 1с унф с кассой","450","T1","ACTIVE COMMERCIAL","HIGH","Не применимо — ключевое слово не является контролируемым тестом"
"CORV-G05-06","[C05]","миграция данных 1с","350","T3","ACTIVE NARROW","HIGH","Не применимо — ключевое слово не является контролируемым тестом"
"CORV-G05-06","[C05]","перенос данных в 1с","331","T3","ACTIVE NARROW","HIGH","Не применимо — ключевое слово не является контролируемым тестом"
"CORV-G05-04","[C05]","1с 8.3 зуп синхронизация","250","T3","CONTROLLED TEST — JUSTIFIED","CONTROLLED","Paid exchange setup: «1с 8.3 зуп синхронизация» often precedes hiring a 1C integrator to fix or configure synchronization."
"CORV-G05-04","[C05]","1с бп синхронизация","541","T1","ACTIVE COMMERCIAL","HIGH","Не применимо — ключевое слово не является контролируемым тестом"
"CORV-G05-04","[C05]","1с бух синхронизация","526","T1","ACTIVE COMMERCIAL","HIGH","Не применимо — ключевое слово не является контролируемым тестом"
"CORV-G05-04","[C05]","1с бухгалтерия 8.3 синхронизация","250","T3","CONTROLLED TEST — JUSTIFIED","CONTROLLED","Paid exchange setup: «1с бухгалтерия 8.3 синхронизация» often precedes hiring a 1C integrator to fix or configure synchronization."
"CORV-G05-04","[C05]","1с бухгалтерия синхронизация","496","T1","ACTIVE COMMERCIAL","HIGH","Не применимо — ключевое слово не является контролируемым тестом"
"CORV-G05-04","[C05]","1с зуп настройка синхронизации","381","T2","ACTIVE COMMERCIAL","HIGH","Не применимо — ключевое слово не является контролируемым тестом"
"CORV-G05-04","[C05]","1с настроить синхронизацию","366","T2","ACTIVE COMMERCIAL","HIGH","Не применимо — ключевое слово не является контролируемым тестом"
"CORV-G05-04","[C05]","1с розница синхронизация","451","T1","ACTIVE COMMERCIAL","HIGH","Не применимо — ключевое слово не является контролируемым тестом"
"CORV-G05-04","[C05]","1с сделать синхронизацию","450","T1","ACTIVE COMMERCIAL","HIGH","Не применимо — ключевое слово не является контролируемым тестом"
"CORV-G05-04","[C05]","1с синхронизация зуп бп","450","T1","ACTIVE COMMERCIAL","HIGH","Не применимо — ключевое слово не является контролируемым тестом"
"CORV-G05-04","[C05]","1с унф синхронизация","450","T1","ACTIVE COMMERCIAL","HIGH","Не применимо — ключевое слово не является контролируемым тестом"
"CORV-G05-04","[C05]","настройка синхронизации 1с","350","T2","ACTIVE COMMERCIAL","HIGH","Не применимо — ключевое слово не является контролируемым тестом"
"CORV-G05-04","[C05]","синхронизация 1с","450","T1","ACTIVE COMMERCIAL","HIGH","Не применимо — ключевое слово не является контролируемым тестом"
"CORV-G05-04","[C05]","синхронизация 1с 8.3","250","T3","CONTROLLED TEST — JUSTIFIED","CONTROLLED","Paid exchange setup: «синхронизация 1с 8.3» often precedes hiring a 1C integrator to fix or configure synchronization."
"CORV-G05-04","[C05]","синхронизация 1с ут","450","T1","ACTIVE COMMERCIAL","HIGH","Не применимо — ключевое слово не является контролируемым тестом"
"CORV-G05-04","[C05]","синхронизация баз 1с","450","T1","ACTIVE COMMERCIAL","HIGH","Не применимо — ключевое слово не является контролируемым тестом"
"CORV-G05-04","[C05]","синхронизация данных в 1с","450","T1","ACTIVE COMMERCIAL","HIGH","Не применимо — ключевое слово не является контролируемым тестом"
"CORV-G05-04","[C05]","синхронизация документов 1с","450","T1","ACTIVE COMMERCIAL","HIGH","Не применимо — ключевое слово не является контролируемым тестом"
"CORV-G05-04","[C05]","синхронизация зуп и 1с бухгалтерия 8.3","250","T3","CONTROLLED TEST — JUSTIFIED","CONTROLLED","Paid exchange setup: «синхронизация зуп и 1с бухгалтерия 8.3» often precedes hiring a 1C integrator to fix or configure synchronization."
"CORV-G05-04","[C05]","синхронизация между 1с","450","T1","ACTIVE COMMERCIAL","HIGH","Не применимо — ключевое слово не является контролируемым тестом"
"CORV-G05-05","[C05]","настройка обмена 1с","450","T2","ACTIVE COMMERCIAL","HIGH","Не применимо — ключевое слово не является контролируемым тестом"
"CORV-G05-05","[C05]","настройка обмена с честным знаком 1с","431","T2","REASSIGN GROUP","HIGH","Не применимо — ключевое слово не является контролируемым тестом"
"CORV-G05-05","[C05]","настройка обмена суз 1с честный знак","406","T2","REASSIGN GROUP","HIGH","Не применимо — ключевое слово не является контролируемым тестом"
"CORV-G05-05","[C05]","настройка обмена суз 1с честный знак розница","381","T2","REASSIGN GROUP","HIGH","Не применимо — ключевое слово не является контролируемым тестом"
"CORV-G04-01","[C04]","расчет себестоимости 1с","450","T2","ACTIVE NARROW","HIGH","Не применимо — ключевое слово не является контролируемым тестом"
"CORV-G04-01","[C04]","себестоимость в 1с","431","T2","ACTIVE NARROW","HIGH","Не применимо — ключевое слово не является контролируемым тестом"
"CORV-G04-02","[C04]","планирование закупок 1с","350","T3","ACTIVE NARROW","HIGH","Не применимо — ключевое слово не является контролируемым тестом"
"CORV-G04-03","[C04]","платежный календарь 1с","350","T3","ACTIVE NARROW","HIGH","Не применимо — ключевое слово не является контролируемым тестом"
"CORV-G03-04","[C03]","1с 7.7 изменить печатную форму","250","T3","CONTROLLED TEST — JUSTIFIED","CONTROLLED","Paid customization: user changing print forms for «1с 7.7 изменить печатную форму» may hire a 1C developer."
"CORV-G03-04","[C03]","1с 8.3 изменить печатную форму счета","250","T3","CONTROLLED TEST — JUSTIFIED","CONTROLLED","Paid customization: user changing print forms for «1с 8.3 изменить печатную форму счета» may hire a 1C developer."
"CORV-G03-04","[C03]","1с изменить печатную форму счета","520","T1","HOLD","HIGH","Не применимо — ключевое слово не является контролируемым тестом"
"CORV-G03-04","[C03]","1с ут изменить печатную форму","502","T1","HOLD","HIGH","Не применимо — ключевое слово не является контролируемым тестом"
"CORV-G03-04","[C03]","доработка печатной формы 1с","484","T1","ACTIVE COMMERCIAL","HIGH","Не применимо — ключевое слово не является контролируемым тестом"
"CORV-G03-04","[C03]","изменить печатную форму 1с 8.3","250","T3","CONTROLLED TEST — JUSTIFIED","CONTROLLED","Paid customization: user changing print forms for «изменить печатную форму 1с 8.3» may hire a 1C developer."
"CORV-G03-06","[C03]","доработка рмк 1с","350","T3","ACTIVE COMMERCIAL","HIGH","Не применимо — ключевое слово не является контролируемым тестом"
"CORV-G03-06","[C03]","настройка рмк 1с","331","T3","ACTIVE COMMERCIAL","HIGH","Не применимо — ключевое слово не является контролируемым тестом"
"CORV-G03-05","[C03]","1с 3.0 внешние печатные формы","250","T3","CONTROLLED TEST — JUSTIFIED","CONTROLLED","Paid external report/processing work: «1с 3.0 внешние печатные формы» may convert to scoped development."
"CORV-G03-05","[C03]","1с 8.3 внешние печатные формы упд","250","T3","CONTROLLED TEST — JUSTIFIED","CONTROLLED","Paid external report/processing work: «1с 8.3 внешние печатные формы упд» may convert to scoped development."
"CORV-G03-05","[C03]","1с бп внешняя печатная форма","426","T2","HOLD","HIGH","Не применимо — ключевое слово не является контролируемым тестом"
"CORV-G03-05","[C03]","1с бухгалтерия внешние печатные формы","411","T2","HOLD","HIGH","Не применимо — ключевое слово не является контролируемым тестом"
"CORV-G03-05","[C03]","1с внешние печатные формы управляемые","396","T2","HOLD","HIGH","Не применимо — ключевое слово не является контролируемым тестом"
"CORV-G03-05","[C03]","1с внешняя печатная форма","381","T2","HOLD","HIGH","Не применимо — ключевое слово не является контролируемым тестом"
"CORV-G03-05","[C03]","1с внешняя печатная форма макет","366","T2","HOLD","HIGH","Не применимо — ключевое слово не является контролируемым тестом"
"CORV-G03-05","[C03]","1с внешняя печатная форма обработки","351","T2","HOLD","HIGH","Не применимо — ключевое слово не является контролируемым тестом"
"CORV-G03-05","[C03]","1с внешняя печатная форма счет","350","T2","HOLD","HIGH","Не применимо — ключевое слово не является контролируемым тестом"
"CORV-G03-05","[C03]","1с внешняя печатная форма упд","350","T2","HOLD","HIGH","Не применимо — ключевое слово не является контролируемым тестом"
"CORV-G03-05","[C03]","1с зуп внешняя печатная форма","350","T2","HOLD","HIGH","Не применимо — ключевое слово не является контролируемым тестом"
"CORV-G03-05","[C03]","1с отладка внешней печатной формы","350","T2","HOLD","HIGH","Не применимо — ключевое слово не является контролируемым тестом"
"CORV-G03-05","[C03]","1с печать внешней печатной формы","350","T2","HOLD","HIGH","Не применимо — ключевое слово не является контролируемым тестом"
"CORV-G03-05","[C03]","1с создание внешней печатной формы","450","T1","ACTIVE COMMERCIAL","HIGH","Не применимо — ключевое слово не является контролируемым тестом"
"CORV-G03-05","[C03]","1с ут внешняя печатная форма","350","T2","HOLD","HIGH","Не применимо — ключевое слово не является контролируемым тестом"
"CORV-G03-05","[C03]","внешние печатные формы 1с 8.3","250","T3","CONTROLLED TEST — JUSTIFIED","CONTROLLED","Paid external report/processing work: «внешние печатные формы 1с 8.3» may convert to scoped development."
"CORV-G03-05","[C03]","внешняя печатная форма 1с 8.3 управляемое","250","T3","CONTROLLED TEST — JUSTIFIED","CONTROLLED","Paid external report/processing work: «внешняя печатная форма 1с 8.3 управляемое» may convert to scoped development."
"CORV-G03-05","[C03]","создание внешних печатных форм 1с 8.3","250","T3","CONTROLLED TEST — JUSTIFIED","CONTROLLED","Paid external report/processing work: «создание внешних печатных форм 1с 8.3» may convert to scoped development."
"CORV-G03-02","[C03]","новый отчет 1с","450","T2","ACTIVE COMMERCIAL","HIGH","Не применимо — ключевое слово не является контролируемым тестом"
"CORV-G03-02","[C03]","создание отчета 1с","531","T1","ACTIVE COMMERCIAL","HIGH","Не применимо — ключевое слово не является контролируемым тестом"
"CORV-G03-01","[C03]","1с доработка отчета движение денежных средств","550","T1","ACTIVE COMMERCIAL","HIGH","Не применимо — ключевое слово не является контролируемым тестом"
"CORV-G03-01","[C03]","1с доработка отчетов","531","T1","ACTIVE COMMERCIAL","HIGH","Не применимо — ключевое слово не является контролируемым тестом"
"CORV-G03-01","[C03]","доработка отчета 1с","506","T1","ACTIVE COMMERCIAL","HIGH","Не применимо — ключевое слово не является контролируемым тестом"
"CORV-G03-01","[C03]","настройка отчета 1с","481","T1","ACTIVE COMMERCIAL","HIGH","Не применимо — ключевое слово не является контролируемым тестом"
"CORV-G03-03","[C03]","1с 8 печатная форма","550","T1","HOLD","HIGH","Не применимо — ключевое слово не является контролируемым тестом"
"CORV-G03-03","[C03]","1с вывести печатную форму","540","T1","HOLD","HIGH","Не применимо — ключевое слово не является контролируемым тестом"
"CORV-G03-03","[C03]","1с изменение печатной формы","525","T1","HOLD","HIGH","Не применимо — ключевое слово не является контролируемым тестом"
"CORV-G03-03","[C03]","1с макеты печатных форм","510","T1","HOLD","HIGH","Не применимо — ключевое слово не является контролируемым тестом"
"CORV-G03-03","[C03]","1с печатная форма акта","495","T1","HOLD","HIGH","Не применимо — ключевое слово не является контролируемым тестом"
"CORV-G03-03","[C03]","1с печатная форма договора","480","T1","HOLD","HIGH","Не применимо — ключевое слово не является контролируемым тестом"
"CORV-G03-03","[C03]","1с печатная форма недоступна","465","T1","HOLD","HIGH","Не применимо — ключевое слово не является контролируемым тестом"
"CORV-G03-03","[C03]","1с печатная форма печать","450","T1","HOLD","HIGH","Не применимо — ключевое слово не является контролируемым тестом"
"CORV-G03-03","[C03]","1с печатные формы документов","450","T1","HOLD","HIGH","Не применимо — ключевое слово не является контролируемым тестом"
"CORV-G03-03","[C03]","1с программно печатную форму","450","T1","HOLD","HIGH","Не применимо — ключевое слово не является контролируемым тестом"
"CORV-G03-03","[C03]","1с унф печатные формы","450","T1","HOLD","HIGH","Не применимо — ключевое слово не является контролируемым тестом"
"CORV-G03-03","[C03]","макет печатной формы в 1с 8.3","250","T3","CONTROLLED TEST — JUSTIFIED","CONTROLLED","Paid print-form work: «макет печатной формы в 1с 8.3» may convert to developer engagement for forms in 1C."
"CORV-G03-03","[C03]","настройка печатных форм в 1с","450","T1","ACTIVE COMMERCIAL","HIGH","Не применимо — ключевое слово не является контролируемым тестом"
"CORV-G03-03","[C03]","печатные формы 1с 8.3","250","T3","CONTROLLED TEST — JUSTIFIED","CONTROLLED","Paid print-form work: «печатные формы 1с 8.3» may convert to developer engagement for forms in 1C."
"CORV-G03-03","[C03]","создание печатной формы 1с","450","T1","ACTIVE COMMERCIAL","HIGH","Не применимо — ключевое слово не является контролируемым тестом"
"CORV-G02-04","[C02]","обновление доработанной 1с","450","T2","ACTIVE COMMERCIAL","HIGH","Не применимо — ключевое слово не является контролируемым тестом"
"CORV-G02-04","[C02]","обновление доработанных конфигураций 1с","430","T2","ACTIVE COMMERCIAL","HIGH","Не применимо — ключевое слово не является контролируемым тестом"
"CORV-G02-05","[C02]","перенос доработок 1с","350","T3","ACTIVE COMMERCIAL","HIGH","Не применимо — ключевое слово не является контролируемым тестом"
"CORV-G02-05","[C02]","сохранение доработок при обновлении 1с","330","T3","ACTIVE COMMERCIAL","HIGH","Не применимо — ключевое слово не является контролируемым тестом"
"CORV-G02-06","[C02]","исправление доработок после обновления 1с","450","T2","ACTIVE COMMERCIAL","HIGH","Не применимо — ключевое слово не является контролируемым тестом"
"CORV-G02-02","[C02]","1с доработка через расширения","450","T2","ACTIVE COMMERCIAL","HIGH","Не применимо — ключевое слово не является контролируемым тестом"
"CORV-G02-02","[C02]","доработка конфигурации 1с","439","T2","ACTIVE COMMERCIAL","HIGH","Не применимо — ключевое слово не является контролируемым тестом"
"CORV-G02-02","[C02]","доработка модулей 1с","424","T2","ACTIVE COMMERCIAL","HIGH","Не применимо — ключевое слово не является контролируемым тестом"
"CORV-G02-02","[C02]","доработка расширений 1с","409","T2","ACTIVE COMMERCIAL","HIGH","Не применимо — ключевое слово не является контролируемым тестом"
"CORV-G02-02","[C02]","доработка типовой конфигурации 1с","395","T2","ACTIVE COMMERCIAL","HIGH","Не применимо — ключевое слово не является контролируемым тестом"
"CORV-G02-02","[C02]","обновление конфигурации 1с с доработками","380","T2","ACTIVE COMMERCIAL","HIGH","Не применимо — ключевое слово не является контролируемым тестом"
"CORV-G02-02","[C02]","примеры реальных задач по доработки конфигурации 1с","365","T2","ACTIVE COMMERCIAL","HIGH","Не применимо — ключевое слово не является контролируемым тестом"
"CORV-G02-03","[C02]","доработка базы 1с","450","T2","ACTIVE COMMERCIAL","HIGH","Не применимо — ключевое слово не является контролируемым тестом"
"CORV-G02-01","[C02]","1с бп доработка","550","T1","ACTIVE COMMERCIAL","HIGH","Не применимо — ключевое слово не является контролируемым тестом"
"CORV-G02-01","[C02]","1с доработка цены","539","T1","ACTIVE COMMERCIAL","HIGH","Не применимо — ключевое слово не является контролируемым тестом"
"CORV-G02-01","[C02]","1с ерп доработка","524","T1","ACTIVE COMMERCIAL","HIGH","Не применимо — ключевое слово не является контролируемым тестом"
"CORV-G02-01","[C02]","1с фреш доработки","509","T1","ACTIVE COMMERCIAL","HIGH","Не применимо — ключевое слово не является контролируемым тестом"
"CORV-G02-01","[C02]","договор доработка 1с","494","T1","ACTIVE COMMERCIAL","HIGH","Не применимо — ключевое слово не является контролируемым тестом"
"CORV-G02-01","[C02]","доработка 1с","479","T1","ACTIVE COMMERCIAL","HIGH","Не применимо — ключевое слово не является контролируемым тестом"
"CORV-G02-01","[C02]","доработка 1с 8.3","464","T1","ACTIVE COMMERCIAL","HIGH","Не применимо — ключевое слово не является контролируемым тестом"
"CORV-G02-01","[C02]","доработка 1с системы","450","T1","ACTIVE COMMERCIAL","HIGH","Не применимо — ключевое слово не является контролируемым тестом"
"CORV-G02-01","[C02]","доработка 1с стоимость","450","T1","ACTIVE COMMERCIAL","HIGH","Не применимо — ключевое слово не является контролируемым тестом"
"CORV-G02-01","[C02]","доработка 1с унф","450","T1","ACTIVE COMMERCIAL","HIGH","Не применимо — ключевое слово не является контролируемым тестом"
"CORV-G02-01","[C02]","доработка 1с ут","450","T1","ACTIVE COMMERCIAL","HIGH","Не применимо — ключевое слово не является контролируемым тестом"
"CORV-G02-01","[C02]","доработки 1с бухгалтерии","450","T1","ACTIVE COMMERCIAL","HIGH","Не применимо — ключевое слово не является контролируемым тестом"
"CORV-G02-01","[C02]","доработки 1с документооборот","450","T1","ACTIVE COMMERCIAL","HIGH","Не применимо — ключевое слово не является контролируемым тестом"
"CORV-G02-01","[C02]","доработки 1с зуп","450","T1","ACTIVE COMMERCIAL","HIGH","Не применимо — ключевое слово не является контролируемым тестом"
"CORV-G02-01","[C02]","доработки 1с erp","450","T1","ACTIVE COMMERCIAL","HIGH","Не применимо — ключевое слово не является контролируемым тестом"
"CORV-G02-01","[C02]","доработки программы 1с","450","T1","ACTIVE COMMERCIAL","HIGH","Не применимо — ключевое слово не является контролируемым тестом"
"CORV-G02-01","[C02]","настройка 1с доработка 1с","450","T1","ACTIVE COMMERCIAL","HIGH","Не применимо — ключевое слово не является контролируемым тестом"
"CORV-G02-01","[C02]","обмен 1с доработка","450","T1","ACTIVE COMMERCIAL","HIGH","Не применимо — ключевое слово не является контролируемым тестом"
"CORV-G02-01","[C02]","примеры доработки 1с","450","T1","ACTIVE COMMERCIAL","HIGH","Не применимо — ключевое слово не является контролируемым тестом"
"CORV-G02-01","[C02]","разработка доработка 1с","450","T1","ACTIVE COMMERCIAL","HIGH","Не применимо — ключевое слово не является контролируемым тестом"
"CORV-G02-01","[C02]","тестирование доработок 1с","450","T1","ACTIVE COMMERCIAL","HIGH","Не применимо — ключевое слово не является контролируемым тестом"
"CORV-G02-01","[C02]","техническое на доработку 1с","450","T1","ACTIVE COMMERCIAL","HIGH","Не применимо — ключевое слово не является контролируемым тестом"
"CORV-G02-01","[C02]","типовые доработки 1с","450","T1","ACTIVE COMMERCIAL","HIGH","Не применимо — ключевое слово не является контролируемым тестом"
"CORV-G02-01","[C02]","услуги доработки 1с","450","T1","ACTIVE COMMERCIAL","HIGH","Не применимо — ключевое слово не является контролируемым тестом"
"CORV-G02-01","[C02]","учет доработки 1с","450","T1","ACTIVE COMMERCIAL","HIGH","Не применимо — ключевое слово не является контролируемым тестом"
"CORV-G01-02","[C01]","программист 1с новосибирск","550","T1","ACTIVE NARROW","HIGH","Не применимо — ключевое слово не является контролируемым тестом"
"CORV-G01-02","[C01]","программисты 1с новосибирск","529","T1","ACTIVE NARROW","HIGH","Не применимо — ключевое слово не является контролируемым тестом"
"CORV-G01-07","[C01]","абонентское обслуживание 1с","550","T1","ACTIVE COMMERCIAL","HIGH","Не применимо — ключевое слово не является контролируемым тестом"
"CORV-G01-07","[C01]","абонентское сопровождение 1с","529","T1","ACTIVE COMMERCIAL","HIGH","Не применимо — ключевое слово не является контролируемым тестом"
"CORV-G01-07","[C01]","абонентское сопровождение 1с первый бит","505","T1","ACTIVE COMMERCIAL","HIGH","Не применимо — ключевое слово не является контролируемым тестом"
"CORV-G01-06","[C01]","обслуживание 1с для организации","450","T2","ACTIVE NARROW","HIGH","Не применимо — ключевое слово не является контролируемым тестом"
"CORV-G01-06","[C01]","обслуживание и сопровождение 1с","430","T2","ACTIVE NARROW","HIGH","Не применимо — ключевое слово не является контролируемым тестом"
"CORV-G01-06","[C01]","сопровождение и обслуживание 1с предприятие","405","T2","ACTIVE NARROW","HIGH","Не применимо — ключевое слово не является контролируемым тестом"
"CORV-G01-05","[C01]","оказание услуг по сопровождению 1с","550","T1","ACTIVE COMMERCIAL","HIGH","Не применимо — ключевое слово не является контролируемым тестом"
"CORV-G01-05","[C01]","сопровождение 1с 8.3","250","T3","CONTROLLED TEST — JUSTIFIED","CONTROLLED","Retainer opportunity: «сопровождение 1с 8.3» may convert to ongoing 1C support contract."
"CORV-G01-05","[C01]","услуг по сопровождению программного продукта 1с","506","T1","ACTIVE COMMERCIAL","HIGH","Не применимо — ключевое слово не является контролируемым тестом"
"CORV-G01-05","[C01]","услуги по сопровождению 1с","481","T1","ACTIVE COMMERCIAL","HIGH","Не применимо — ключевое слово не является контролируемым тестом"
"CORV-G01-04","[C01]","внедрение 1с","450","T2","ACTIVE NARROW","HIGH","Не применимо — ключевое слово не является контролируемым тестом"
"CORV-G01-04","[C01]","внедренцы и программисты 1с","430","T2","ACTIVE NARROW","HIGH","Не применимо — ключевое слово не является контролируемым тестом"
"CORV-G01-03","[C01]","настройка 1с","450","T2","ACTIVE COMMERCIAL","HIGH","Не применимо — ключевое слово не является контролируемым тестом"
"CORV-G01-03","[C01]","программист 1с настройка","429","T2","ACTIVE COMMERCIAL","HIGH","Не применимо — ключевое слово не является контролируемым тестом"
"CORV-G01-08","[C01]","ищу 1с программиста для разовой задачи","440","T2","ACTIVE COMMERCIAL","HIGH","Не применимо — ключевое слово не является контролируемым тестом"
"CORV-G01-08","[C01]","разовая доработка 1с","379","T2","ACTIVE COMMERCIAL","HIGH","Не применимо — ключевое слово не является контролируемым тестом"
"CORV-G01-08","[C01]","разовые работы 1с","364","T2","ACTIVE COMMERCIAL","HIGH","Не применимо — ключевое слово не является контролируемым тестом"
"CORV-G01-01","[C01]","задачи 1с программиста","539","T1","ACTIVE COMMERCIAL","HIGH","Не применимо — ключевое слово не является контролируемым тестом"
"CORV-G01-01","[C01]","найти программиста 1с","524","T1","ACTIVE COMMERCIAL","HIGH","Не применимо — ключевое слово не является контролируемым тестом"
"CORV-G01-01","[C01]","нужен программист 1с","509","T1","ACTIVE COMMERCIAL","HIGH","Не применимо — ключевое слово не является контролируемым тестом"
"CORV-G01-01","[C01]","отзыв программисту 1с","494","T1","ACTIVE COMMERCIAL","HIGH","Не применимо — ключевое слово не является контролируемым тестом"
"CORV-G01-01","[C01]","программа программист 1с","479","T1","ACTIVE COMMERCIAL","HIGH","Не применимо — ключевое слово не является контролируемым тестом"
"CORV-G01-01","[C01]","программист 1с","464","T1","ACTIVE COMMERCIAL","HIGH","Не применимо — ключевое слово не является контролируемым тестом"
"CORV-G01-01","[C01]","программист 1с предприятие","450","T1","ACTIVE COMMERCIAL","HIGH","Не применимо — ключевое слово не является контролируемым тестом"
"CORV-G01-01","[C01]","программист 1с удаленно","450","T1","ACTIVE COMMERCIAL","HIGH","Не применимо — ключевое слово не является контролируемым тестом"
"CORV-G01-01","[C01]","программист аналитик 1с","450","T1","ACTIVE COMMERCIAL","HIGH","Не применимо — ключевое слово не является контролируемым тестом"
"CORV-G01-01","[C01]","программист разработчик 1с","450","T1","ACTIVE COMMERCIAL","HIGH","Не применимо — ключевое слово не является контролируемым тестом"
"CORV-G01-01","[C01]","программисты 1с спб","450","T1","ACTIVE COMMERCIAL","HIGH","Не применимо — ключевое слово не является контролируемым тестом"
"CORV-G01-01","[C01]","работать программистом 1с","450","T1","ACTIVE COMMERCIAL","HIGH","Не применимо — ключевое слово не является контролируемым тестом"
"CORV-G01-01","[C01]","сколько зарабатывает программист 1с","450","T1","ACTIVE COMMERCIAL","HIGH","Не применимо — ключевое слово не является контролируемым тестом"
"CORV-G01-01","[C01]","сколько программистов 1с","450","T1","ACTIVE COMMERCIAL","HIGH","Не применимо — ключевое слово не является контролируемым тестом"
"CORV-G01-01","[C01]","стал программистом 1с","450","T1","ACTIVE COMMERCIAL","HIGH","Не применимо — ключевое слово не является контролируемым тестом"
"CORV-G01-01","[C01]","стоимость 1с программисты","450","T1","ACTIVE COMMERCIAL","HIGH","Не применимо — ключевое слово не является контролируемым тестом"
"CORV-G01-01","[C01]","стоимость часа 1с программиста","450","T1","ACTIVE COMMERCIAL","HIGH","Не применимо — ключевое слово не является контролируемым тестом"
"CORV-G01-01","[C01]","технические задания программистам 1с","450","T1","ACTIVE COMMERCIAL","HIGH","Не применимо — ключевое слово не является контролируемым тестом"
"CORV-G01-01","[C01]","услуги программиста 1с","450","T1","ACTIVE COMMERCIAL","HIGH","Не применимо — ключевое слово не является контролируемым тестом"