"keyword_id","phrase","status","reason"
"kw-corv01-019","ТС ПИОТ 1С","EXCLUDE_REGULATORY","regulatory_non_service"
"kw-corv01-disc-021","программист 1с вакансии","EXCLUDE_EMPLOYMENT","employment_signal"
"kw-corv01-disc-022","программист 1с обучение","EXCLUDE_TRAINING","training_signal"
"kw-corv01-disc-023","работа программист 1с","EXCLUDE_INFORMATIONAL","v3_hard_exclude_list"
"kw-corv01-disc-024","курсы программист 1с","DEFER_AMBIGUOUS","no_group_match"
"kw-corv01-disc-025","программист 1с с нуля","EXCLUDE_TRAINING","training_signal"
"kw-corv01-disc-027","программист 1с обучение с нуля","EXCLUDE_TRAINING","training_signal"
"kw-corv01-disc-028","программист 1с зарплата","EXCLUDE_EMPLOYMENT","employment_signal"
"kw-corv01-disc-029","программист 1с москва","EXCLUDE_GEO_IRRELEVANT","foreign_geo"
"kw-corv01-disc-030","программист 1с стажер","EXCLUDE_EMPLOYMENT","employment_signal"
"kw-corv01-disc-031","программист 1с удаленно вакансии","EXCLUDE_EMPLOYMENT","employment_signal"
"kw-corv01-disc-032","собеседование 1с программиста","EXCLUDE_EMPLOYMENT","employment_signal"
"kw-corv01-disc-035","программист 1с без опыта","EXCLUDE_EMPLOYMENT","employment_signal"
"kw-corv01-disc-040","стажировка 1с программист","EXCLUDE_EMPLOYMENT","employment_signal"
"kw-corv01-disc-043","программист 1с вакансии москва","EXCLUDE_EMPLOYMENT","employment_signal"
"kw-corv01-disc-045","программист 1с hh","EXCLUDE_INFORMATIONAL","v3_hard_exclude_list"
"kw-corv01-disc-046","программист 1с бесплатно","EXCLUDE_INFORMATIONAL","v3_hard_exclude_list"
"kw-corv01-disc-047","1с программист стажер вакансии","EXCLUDE_EMPLOYMENT","employment_signal"
"kw-corv01-disc-049","вакансия программист 1с без опыта","EXCLUDE_EMPLOYMENT","employment_signal"
"kw-corv01-disc-051","резюме программист 1с","EXCLUDE_EMPLOYMENT","employment_signal"
"kw-corv01-disc-055","вопросы на собеседовании 1с программист","EXCLUDE_EMPLOYMENT","employment_signal"
"kw-corv01-disc-063","как стать программистом 1с","EXCLUDE_INFORMATIONAL","operator_explicit_list"
"kw-corv01-disc-065","курсы программист 1с с нуля","EXCLUDE_TRAINING","training_signal"
"kw-corv01-disc-067","1с для начинающих программистов","EXCLUDE_DUPLICATE","group_CORV-G01-01_tier_limit"
"kw-corv01-disc-068","работа программистом 1с удаленно","EXCLUDE_EMPLOYMENT","employment_signal"
"kw-corv01-disc-069","учиться на программиста 1с","EXCLUDE_TRAINING","training_signal"
"kw-corv01-disc-070","что делает программист 1с","EXCLUDE_DUPLICATE","group_CORV-G01-01_tier_limit"
"kw-corv01-disc-071","программист 1с бесплатное обучение","EXCLUDE_EMPLOYMENT","employment_signal"
"kw-corv01-disc-072","ии для программистов 1с","EXCLUDE_DUPLICATE","group_CORV-G01-01_tier_limit"
"kw-corv01-disc-073","1с программист код","EXCLUDE_DUPLICATE","group_CORV-G01-01_tier_limit"
"kw-corv01-disc-074","день программиста 1с","EXCLUDE_DUPLICATE","group_CORV-G01-01_tier_limit"
"kw-corv01-disc-075","тз программисту 1с","EXCLUDE_DUPLICATE","group_CORV-G01-01_tier_limit"
"kw-corv01-disc-076","программист 1с опыт работы","EXCLUDE_DUPLICATE","group_CORV-G01-01_tier_limit"
"kw-corv01-disc-077","программист 1с окз","EXCLUDE_DUPLICATE","group_CORV-G01-01_tier_limit"
"kw-corv01-disc-078","1с программист красноярск","EXCLUDE_DUPLICATE","group_CORV-G01-01_tier_limit"
"kw-corv01-disc-079","программист базы 1с","EXCLUDE_DUPLICATE","group_CORV-G01-01_tier_limit"
"kw-corv01-disc-080","программисты 1с екатеринбург","EXCLUDE_GEO_IRRELEVANT","foreign_geo"
"kw-corv01-disc-081","программисты 1с цена","EXCLUDE_DUPLICATE","group_CORV-G01-01_tier_limit"
"kw-corv01-disc-082","форум 1с программистов","EXCLUDE_DUPLICATE","group_CORV-G01-01_tier_limit"
"kw-corv01-disc-083","программист 1с средняя зарплата","EXCLUDE_EMPLOYMENT","employment_signal"
"kw-corv01-disc-084","программист 1с ru","EXCLUDE_DUPLICATE","group_CORV-G01-01_tier_limit"
"kw-corv01-disc-085","программист 1с минск","EXCLUDE_DUPLICATE","group_CORV-G01-01_tier_limit"
"kw-corv01-disc-086","программист 1с нижний","EXCLUDE_DUPLICATE","group_CORV-G01-01_tier_limit"
"kw-corv01-disc-087","программист 1с 8.3","EXCLUDE_DUPLICATE","group_CORV-G01-01_tier_limit"
"kw-corv01-disc-088","вакансия программист 1с работа","EXCLUDE_EMPLOYMENT","employment_signal"
"kw-corv01-disc-089","программист 1с зп","EXCLUDE_DUPLICATE","group_CORV-G01-01_tier_limit"
"kw-corv01-disc-090","найти работу программистом 1с","EXCLUDE_DUPLICATE","group_CORV-G01-01_tier_limit"
"kw-corv01-disc-091","программист 1с нижний новгород","EXCLUDE_DUPLICATE","group_CORV-G01-01_tier_limit"
"kw-corv01-disc-093","работа 1с программист без опыта","EXCLUDE_EMPLOYMENT","employment_signal"
"kw-corv01-disc-094","авито программист 1с","EXCLUDE_DUPLICATE","group_CORV-G01-01_tier_limit"
"kw-corv01-disc-095","лучший программист 1с","EXCLUDE_DUPLICATE","group_CORV-G01-01_tier_limit"
"kw-corv01-disc-096","уровни программистов 1с","EXCLUDE_DUPLICATE","group_CORV-G01-01_tier_limit"
"kw-corv01-disc-097","экзамен 1с программист","EXCLUDE_TRAINING","training_signal"
"kw-corv01-disc-098","программисты 1с ярославль","EXCLUDE_DUPLICATE","group_CORV-G01-01_tier_limit"
"kw-corv01-disc-099","специалист программист 1с","EXCLUDE_DUPLICATE","group_CORV-G01-01_tier_limit"
"kw-corv01-disc-100","программист 1с скачать","EXCLUDE_INFORMATIONAL","v3_hard_exclude_list"
"kw-corv01-disc-102","программист 1с зуп","EXCLUDE_DUPLICATE","group_CORV-G01-01_tier_limit"
"kw-corv01-disc-103","frank программист 1с","EXCLUDE_DUPLICATE","group_CORV-G01-01_tier_limit"
"kw-corv01-disc-104","нетология 1с программист","EXCLUDE_DUPLICATE","group_CORV-G01-01_tier_limit"
"kw-corv01-disc-105","1с программисты ростов","EXCLUDE_DUPLICATE","group_CORV-G01-01_tier_limit"
"kw-corv01-disc-106","сертификаты программиста 1с","EXCLUDE_TRAINING","training_signal"
"kw-corv01-disc-107","1с стоимость работы программиста","EXCLUDE_DUPLICATE","group_CORV-G01-01_tier_limit"
"kw-corv01-disc-108","ведущий программист 1с","EXCLUDE_DUPLICATE","group_CORV-G01-01_tier_limit"
"kw-corv01-disc-109","программист 1с яндекс","EXCLUDE_DUPLICATE","group_CORV-G01-01_tier_limit"
"kw-corv01-disc-110","программист 1с вакансии спб","EXCLUDE_EMPLOYMENT","employment_signal"
"kw-corv01-disc-111","программист 1с россия","EXCLUDE_DUPLICATE","group_CORV-G01-01_tier_limit"
"kw-corv01-disc-112","ищу программист 1с","EXCLUDE_DUPLICATE","group_CORV-G01-01_tier_limit"
"kw-corv01-disc-113","программист 1с петербург","EXCLUDE_DUPLICATE","group_CORV-G01-01_tier_limit"
"kw-corv01-disc-114","фриланс 1с программист","EXCLUDE_DUPLICATE","group_CORV-G01-01_tier_limit"
"kw-corv01-disc-115","программист 1с разработка","EXCLUDE_DUPLICATE","group_CORV-G01-01_tier_limit"
"kw-corv01-disc-116","программист 1с вакансии ярославль","EXCLUDE_EMPLOYMENT","employment_signal"
"kw-corv01-disc-117","hh ru программист 1с","EXCLUDE_EMPLOYMENT","employment_signal"
"kw-corv01-disc-118","программист 1с санкт петербург","DEFER_AMBIGUOUS","no_group_match"
"kw-corv01-disc-119","erp программиста 1с","EXCLUDE_DUPLICATE","group_CORV-G01-01_tier_limit"
"kw-corv01-disc-120","чем занимается программист 1с","EXCLUDE_DUPLICATE","group_CORV-G01-01_tier_limit"
"kw-corv01-disc-121","требуется программист 1с","EXCLUDE_DUPLICATE","group_CORV-G01-01_tier_limit"
"kw-corv01-disc-122","программист 1с ру","EXCLUDE_DUPLICATE","group_CORV-G01-01_tier_limit"
"kw-corv01-disc-123","программисты 1с самара","EXCLUDE_DUPLICATE","group_CORV-G01-01_tier_limit"
"kw-corv01-disc-124","программисты 1с краснодар","EXCLUDE_GEO_IRRELEVANT","foreign_geo"
"kw-corv01-disc-125","1с центр программист","EXCLUDE_DUPLICATE","group_CORV-G01-01_tier_limit"
"kw-corv01-disc-126","инженер программист 1с","EXCLUDE_DUPLICATE","group_CORV-G01-01_tier_limit"
"kw-corv01-disc-127","должностная программист 1с","EXCLUDE_DUPLICATE","group_CORV-G01-01_tier_limit"
"kw-corv01-disc-128","программисты 1с владивосток","EXCLUDE_DUPLICATE","group_CORV-G01-01_tier_limit"
"kw-corv01-disc-129","1с клубов программистов","EXCLUDE_DUPLICATE","group_CORV-G01-01_tier_limit"
"kw-corv01-disc-130","зарплаты 1с программистов 2026","EXCLUDE_EMPLOYMENT","employment_signal"
"kw-corv01-disc-131","1с программист сложно","EXCLUDE_DUPLICATE","group_CORV-G01-01_tier_limit"
"kw-corv01-disc-132","хх программист 1с","EXCLUDE_DUPLICATE","group_CORV-G01-01_tier_limit"
"kw-corv01-disc-133","программист 1с колледж","EXCLUDE_DUPLICATE","group_CORV-G01-01_tier_limit"
"kw-corv01-disc-134","программист 1с 8","EXCLUDE_DUPLICATE","group_CORV-G01-01_tier_limit"
"kw-corv01-disc-135","программист 1с 1 час","EXCLUDE_DUPLICATE","group_CORV-G01-01_tier_limit"
"kw-corv01-disc-136","1с разработчик 1с программист разница","EXCLUDE_DUPLICATE","group_CORV-G01-01_tier_limit"
"kw-corv01-disc-137","договор программиста 1с","EXCLUDE_DUPLICATE","group_CORV-G01-01_tier_limit"
"kw-corv01-disc-138","программист 1с без опыта удаленно","EXCLUDE_EMPLOYMENT","employment_signal"
"kw-corv01-disc-139","востребованные 1с программист","EXCLUDE_DUPLICATE","group_CORV-G01-01_tier_limit"
"kw-corv01-disc-140","программисты 1с казань","EXCLUDE_DUPLICATE","group_CORV-G01-01_tier_limit"
"kw-corv01-disc-141","сколько получают программисты 1с","EXCLUDE_DUPLICATE","group_CORV-G01-01_tier_limit"
"kw-corv01-disc-142","должности программистов 1с","EXCLUDE_DUPLICATE","group_CORV-G01-01_tier_limit"
"kw-corv01-disc-143","программист 1с кострома","EXCLUDE_DUPLICATE","group_CORV-G01-01_tier_limit"
"kw-corv01-disc-144","вакансия программиста 1с красноярск","EXCLUDE_EMPLOYMENT","employment_signal"
"kw-corv01-disc-145","программисты 1с челябинск","EXCLUDE_DUPLICATE","group_CORV-G01-01_tier_limit"
"kw-corv01-disc-146","инструкция программиста 1с","EXCLUDE_DUPLICATE","group_CORV-G01-01_tier_limit"
"kw-corv01-disc-147","программист 1с ростов на дону","EXCLUDE_DUPLICATE","group_CORV-G01-01_tier_limit"
"kw-corv01-disc-148","1с программист стоит ли","EXCLUDE_DUPLICATE","group_CORV-G01-01_tier_limit"
"kw-corv01-disc-149","программист консультант 1с","EXCLUDE_DUPLICATE","group_CORV-G01-01_tier_limit"
"kw-corv01-disc-150","обязанности программиста 1с","EXCLUDE_DUPLICATE","group_CORV-G01-01_tier_limit"
"kw-corv01-disc-151","работа программист 1с удаленно вакансии","EXCLUDE_EMPLOYMENT","employment_signal"
"kw-corv01-disc-152","ставки программистов 1с","EXCLUDE_DUPLICATE","group_CORV-G01-01_tier_limit"
"kw-corv01-disc-153","1с программист бесплатно с нуля","EXCLUDE_EMPLOYMENT","employment_signal"
"kw-corv01-disc-154","демоэкзамен программист 1с","EXCLUDE_TRAINING","training_signal"
"kw-corv01-disc-155","программисты 1с воронеж","EXCLUDE_DUPLICATE","group_CORV-G01-01_tier_limit"
"kw-corv01-disc-156","программист платформы 1с","EXCLUDE_DUPLICATE","group_CORV-G01-01_tier_limit"
"kw-corv01-disc-157","программист 1с документы","EXCLUDE_DUPLICATE","group_CORV-G01-01_tier_limit"
"kw-corv01-disc-158","образец задания для программиста 1с","EXCLUDE_DUPLICATE","group_CORV-G01-01_tier_limit"
"kw-corv01-disc-159","программист 1с онлайн","EXCLUDE_DUPLICATE","group_CORV-G01-01_tier_limit"
"kw-corv01-disc-160","устроиться программистом 1с","EXCLUDE_DUPLICATE","group_CORV-G01-01_tier_limit"
"kw-corv01-disc-161","почему 1с программисты","EXCLUDE_DUPLICATE","group_CORV-G01-01_tier_limit"
"kw-corv01-disc-162","программист 1с язык","EXCLUDE_DUPLICATE","group_CORV-G01-01_tier_limit"
"kw-corv01-disc-163","с днем рождения программиста 1с","EXCLUDE_DUPLICATE","group_CORV-G01-01_tier_limit"
"kw-corv01-disc-164","должностная инструкция программиста 1с","EXCLUDE_DUPLICATE","group_CORV-G01-01_tier_limit"
"kw-corv01-disc-165","сколько стоит программист 1с","EXCLUDE_DUPLICATE","group_CORV-G01-01_tier_limit"
"kw-corv01-disc-166","образец технического задания для программиста 1с","EXCLUDE_DUPLICATE","group_CORV-G01-01_tier_limit"
"kw-corv01-disc-167","программист 1с требования","EXCLUDE_DUPLICATE","group_CORV-G01-01_tier_limit"
"kw-corv01-disc-168","вакансии программист 1с екатеринбург","EXCLUDE_EMPLOYMENT","employment_signal"
"kw-corv01-disc-169","высочайший программист 1с","EXCLUDE_DUPLICATE","group_CORV-G01-01_tier_limit"
"kw-corv01-disc-170","программист 1с вакансии нижний новгород","EXCLUDE_EMPLOYMENT","employment_signal"
"kw-corv01-disc-171","знания программиста 1с","EXCLUDE_DUPLICATE","group_CORV-G01-01_tier_limit"
"kw-corv01-disc-172","практикум 1с программист","EXCLUDE_DUPLICATE","group_CORV-G01-01_tier_limit"
"kw-corv01-disc-173","специальность программист 1с","EXCLUDE_DUPLICATE","group_CORV-G01-01_tier_limit"
"kw-corv01-disc-174","как стать программистом 1с с нуля","EXCLUDE_EMPLOYMENT","employment_signal"
"kw-corv01-disc-175","программист 1с доработка","EXCLUDE_DUPLICATE","group_CORV-G01-01_tier_limit"
"kw-corv01-disc-176","программист 1с новороссийск","EXCLUDE_DUPLICATE","group_CORV-G01-01_tier_limit"
"kw-corv01-disc-177","вакансии программиста 1с санкт петербург","EXCLUDE_EMPLOYMENT","employment_signal"
"kw-corv01-disc-178","вакансия программист 1с петербург","EXCLUDE_EMPLOYMENT","employment_signal"
"kw-corv01-disc-179","программист 1с иркутск","EXCLUDE_DUPLICATE","group_CORV-G01-01_tier_limit"
"kw-corv01-disc-180","1с программист яндекс практикум","EXCLUDE_DUPLICATE","group_CORV-G01-01_tier_limit"
"kw-corv01-disc-181","программист 1с обучение с нуля бесплатно","EXCLUDE_EMPLOYMENT","employment_signal"
"kw-corv01-disc-182","junior программист 1с","EXCLUDE_DUPLICATE","group_CORV-G01-01_tier_limit"
"kw-corv01-disc-183","программист 1с сложно ли","EXCLUDE_DUPLICATE","group_CORV-G01-01_tier_limit"
"kw-corv01-disc-185","омск программисты 1с","EXCLUDE_DUPLICATE","group_CORV-G01-01_tier_limit"
"kw-corv01-disc-186","бухгалтерия для программиста 1с","EXCLUDE_DUPLICATE","group_CORV-G01-01_tier_limit"
"kw-corv01-disc-187","программист 1с что это за профессия","EXCLUDE_TRAINING","training_signal"
"kw-corv01-disc-188","программист 1с зарплата в москве","EXCLUDE_EMPLOYMENT","employment_signal"
"kw-corv01-disc-189","программисты 1с белгород","EXCLUDE_DUPLICATE","group_CORV-G01-01_tier_limit"
"kw-corv01-disc-190","программист 1с хабаровск","EXCLUDE_DUPLICATE","group_CORV-G01-01_tier_limit"
"kw-corv01-disc-191","поиск программистов 1с","EXCLUDE_DUPLICATE","group_CORV-G01-01_tier_limit"
"kw-corv01-disc-192","навыки программисты 1с","EXCLUDE_DUPLICATE","group_CORV-G01-01_tier_limit"
"kw-corv01-disc-193","функции программиста 1с","EXCLUDE_DUPLICATE","group_CORV-G01-01_tier_limit"
"kw-corv01-disc-194","вакансия программист 1с минск","EXCLUDE_EMPLOYMENT","employment_signal"
"kw-corv01-disc-195","подготовка программистов 1с","EXCLUDE_DUPLICATE","group_CORV-G01-01_tier_limit"
"kw-corv01-disc-196","программист 1с где учиться","EXCLUDE_TRAINING","training_signal"
"kw-corv01-disc-197","1с программист джуниор","EXCLUDE_DUPLICATE","group_CORV-G01-01_tier_limit"
"kw-corv01-disc-198","1с работать ли программисту","EXCLUDE_DUPLICATE","group_CORV-G01-01_tier_limit"
"kw-corv01-disc-199","1с программист выучиться","EXCLUDE_TRAINING","training_signal"
"kw-corv01-disc-200","программист 1с без опыта работы вакансии","EXCLUDE_EMPLOYMENT","employment_signal"
"kw-corv01-disc-201","программист 1с трудоустройство","EXCLUDE_EMPLOYMENT","employment_signal"
"kw-corv01-disc-202","программист 1с рязань","EXCLUDE_DUPLICATE","group_CORV-G01-01_tier_limit"
"kw-corv01-disc-203","программист 1с вакансии казань","EXCLUDE_EMPLOYMENT","employment_signal"
"kw-corv01-disc-204","программист 1с университет","EXCLUDE_DUPLICATE","group_CORV-G01-01_tier_limit"
"kw-corv01-disc-205","отчет программиста 1с","EXCLUDE_DUPLICATE","group_CORV-G01-01_tier_limit"
"kw-corv01-disc-206","программист 1с вакансии белгород","EXCLUDE_EMPLOYMENT","employment_signal"
"kw-corv01-disc-207","младший программист 1с","EXCLUDE_DUPLICATE","group_CORV-G01-01_tier_limit"
"kw-corv01-disc-208","профессиональная переподготовка программист 1с","EXCLUDE_DUPLICATE","group_CORV-G01-01_tier_limit"
"kw-corv01-disc-209","вакансии ростов программист 1с","EXCLUDE_EMPLOYMENT","employment_signal"
"kw-corv01-disc-210","1с программист самостоятельно","EXCLUDE_DIY","diy_signal"
"kw-corv01-disc-211","программист 1с книги","EXCLUDE_DUPLICATE","group_CORV-G01-01_tier_limit"
"kw-corv01-disc-212","практика программист 1с","EXCLUDE_DUPLICATE","group_CORV-G01-01_tier_limit"
"kw-corv01-disc-213","программист 1с обучение с нуля курсы","EXCLUDE_TRAINING","training_signal"
"kw-corv01-disc-214","подработка 1с программист удаленно","EXCLUDE_DUPLICATE","group_CORV-G01-01_tier_limit"
"kw-corv01-disc-215","сколько стоит час программиста 1с","EXCLUDE_DUPLICATE","group_CORV-G01-01_tier_limit"
"kw-corv01-disc-216","программист 1с симферополь","EXCLUDE_DUPLICATE","group_CORV-G01-01_tier_limit"
"kw-corv01-disc-217","1 час работы программиста 1с","EXCLUDE_DUPLICATE","group_CORV-G01-01_tier_limit"
"kw-corv01-disc-218","1с программист самому","EXCLUDE_DUPLICATE","group_CORV-G01-01_tier_limit"
"kw-corv01-disc-219","что нужно знать программисту 1с","EXCLUDE_DUPLICATE","group_CORV-G01-01_tier_limit"
"kw-corv01-disc-220","программист 1с сайт","EXCLUDE_DUPLICATE","group_CORV-G01-01_tier_limit"
"kw-corv01-disc-221","frank by basta программист 1с","EXCLUDE_DUPLICATE","group_CORV-G01-01_tier_limit"
"kw-corv01-disc-222","пример тз для программиста 1с","EXCLUDE_DUPLICATE","group_CORV-G01-01_tier_limit"
"kw-corv01-disc-223","программист администратор 1с","EXCLUDE_DUPLICATE","group_CORV-G01-01_tier_limit"
"kw-corv01-disc-224","иван 1с программист","EXCLUDE_DUPLICATE","group_CORV-G01-01_tier_limit"
"kw-corv01-disc-225","что должен знать программист 1с","EXCLUDE_DUPLICATE","group_CORV-G01-01_tier_limit"
"kw-corv01-disc-226","частный программист 1с","EXCLUDE_DUPLICATE","group_CORV-G01-01_tier_limit"
"kw-corv01-disc-227","вакансии программиста 1с удаленно без опыта","EXCLUDE_EMPLOYMENT","employment_signal"
"kw-corv01-disc-228","1с программист начало","EXCLUDE_DUPLICATE","group_CORV-G01-01_tier_limit"
"kw-corv01-disc-229","работа москва программист 1с","EXCLUDE_GEO_IRRELEVANT","foreign_geo"
"kw-corv01-disc-230","пособие программиста 1с","EXCLUDE_DUPLICATE","group_CORV-G01-01_tier_limit"
"kw-corv01-disc-231","скиллбокс программист 1с","EXCLUDE_DUPLICATE","group_CORV-G01-01_tier_limit"
"kw-corv01-disc-232","программист 1с бит","EXCLUDE_DUPLICATE","group_CORV-G01-01_tier_limit"
"kw-corv01-disc-233","программист 1с вологда","EXCLUDE_DUPLICATE","group_CORV-G01-01_tier_limit"
"kw-corv01-disc-234","программист 1с владимир","EXCLUDE_DUPLICATE","group_CORV-G01-01_tier_limit"
"kw-corv01-disc-235","программист 1с вакансии владивосток","EXCLUDE_EMPLOYMENT","employment_signal"
"kw-corv01-disc-236","программист 1с область","EXCLUDE_DUPLICATE","group_CORV-G01-01_tier_limit"
"kw-corv01-disc-237","программист ерп 1с","EXCLUDE_DUPLICATE","group_CORV-G01-01_tier_limit"
"kw-corv01-disc-238","программисты 1с удаленка","EXCLUDE_DUPLICATE","group_CORV-G01-01_tier_limit"
"kw-corv01-disc-239","программист 1с предприятие 8.3","EXCLUDE_DUPLICATE","group_CORV-G01-01_tier_limit"
"kw-corv01-disc-240","1с программист разработка и автоматизация","EXCLUDE_DUPLICATE","group_CORV-G01-01_tier_limit"
"kw-corv01-disc-241","программист 1с перспективы","EXCLUDE_DUPLICATE","group_CORV-G01-01_tier_limit"
"kw-corv01-disc-242","программист 1с обработки","EXCLUDE_DUPLICATE","group_CORV-G01-01_tier_limit"
"kw-corv01-disc-243","вакансии программист 1с ростов на дону","EXCLUDE_EMPLOYMENT","employment_signal"
"kw-corv01-disc-244","программист 1с 7.7","EXCLUDE_DUPLICATE","group_CORV-G01-01_tier_limit"
"kw-corv01-disc-245","нейросеть для 1с программиста","EXCLUDE_DUPLICATE","group_CORV-G01-01_tier_limit"
"kw-corv01-disc-246","востребованность программистов 1с","EXCLUDE_DUPLICATE","group_CORV-G01-01_tier_limit"
"kw-corv01-disc-247","1с программист алматы","EXCLUDE_DUPLICATE","group_CORV-G01-01_tier_limit"
"kw-corv01-disc-248","становится ли программистом 1с","EXCLUDE_DUPLICATE","group_CORV-G01-01_tier_limit"
"kw-corv01-disc-249","программисты 1с волгоград","EXCLUDE_DUPLICATE","group_CORV-G01-01_tier_limit"
"kw-corv01-disc-250","программист 1с стоимость 1 часа","EXCLUDE_DUPLICATE","group_CORV-G01-01_tier_limit"
"kw-corv01-disc-251","поздравление программиста 1с","EXCLUDE_DUPLICATE","group_CORV-G01-01_tier_limit"
"kw-corv01-disc-252","техзадание для программиста 1с","EXCLUDE_DUPLICATE","group_CORV-G01-01_tier_limit"
"kw-corv01-disc-253","программист 1с уфа","EXCLUDE_DUPLICATE","group_CORV-G01-01_tier_limit"
"kw-corv01-disc-254","развитие 1с программиста","EXCLUDE_DUPLICATE","group_CORV-G01-01_tier_limit"
"kw-corv01-disc-255","программист 1с битрикс","EXCLUDE_DUPLICATE","group_CORV-G01-01_tier_limit"
"kw-corv01-disc-256","программист 1с вакансии самара","EXCLUDE_EMPLOYMENT","employment_signal"
"kw-corv01-disc-257","программист 1с банк","EXCLUDE_DUPLICATE","group_CORV-G01-01_tier_limit"
"kw-corv01-disc-258","насколько востребованы программисты 1с","EXCLUDE_DUPLICATE","group_CORV-G01-01_tier_limit"
"kw-corv01-disc-259","программист 1с ут","EXCLUDE_DUPLICATE","group_CORV-G01-01_tier_limit"
"kw-corv01-disc-260","курс 1с программист отзывы","DEFER_AMBIGUOUS","no_group_match"
"kw-corv01-disc-261","программист 1с томск","EXCLUDE_DUPLICATE","group_CORV-G01-01_tier_limit"
"kw-corv01-disc-262","тесты 1с программистов","EXCLUDE_DUPLICATE","group_CORV-G01-01_tier_limit"
"kw-corv01-disc-263","как написать тз для программиста 1с","EXCLUDE_DUPLICATE","group_CORV-G01-01_tier_limit"
"kw-corv01-disc-265","выбирать 1с программиста","EXCLUDE_DUPLICATE","group_CORV-G01-01_tier_limit"
"kw-corv01-disc-266","нужен ли программист 1с","EXCLUDE_DUPLICATE","group_CORV-G01-01_tier_limit"
"kw-corv01-disc-267","программист 1с обучение онлайн","EXCLUDE_TRAINING","training_signal"
"kw-corv01-disc-268","программист 1с севастополь","EXCLUDE_DUPLICATE","group_CORV-G01-01_tier_limit"
"kw-corv01-disc-269","диплом программиста 1с","EXCLUDE_TRAINING","training_signal"
"kw-corv01-disc-270","1с помощь программисту","EXCLUDE_DUPLICATE","group_CORV-G01-01_tier_limit"
"kw-corv01-disc-271","средняя зп 1с программиста","EXCLUDE_DUPLICATE","group_CORV-G01-01_tier_limit"
"kw-corv01-disc-272","сколько стоит работа программиста 1с","EXCLUDE_DUPLICATE","group_CORV-G01-01_tier_limit"
"kw-corv01-disc-273","примеры резюме программиста 1с","EXCLUDE_EMPLOYMENT","employment_signal"
"kw-corv01-disc-274","программист 1с тюмень","EXCLUDE_DUPLICATE","group_CORV-G01-01_tier_limit"
"kw-corv01-disc-275","стажировка программист 1с без опыта","EXCLUDE_EMPLOYMENT","employment_signal"
"kw-corv01-disc-276","опыт работы удаленным программистом 1с","EXCLUDE_DUPLICATE","group_CORV-G01-01_tier_limit"
"kw-corv01-disc-277","работа программистом 1с без опыта удаленно","EXCLUDE_EMPLOYMENT","employment_signal"
"kw-corv01-disc-278","задачи на собеседовании 1с программист","EXCLUDE_EMPLOYMENT","employment_signal"
"kw-corv01-disc-279","программист 1с основы","EXCLUDE_DUPLICATE","group_CORV-G01-01_tier_limit"
"kw-corv01-disc-280","программист 1с дистанционно","EXCLUDE_DUPLICATE","group_CORV-G01-01_tier_limit"
"kw-corv01-disc-281","стажер программист 1с удаленно","EXCLUDE_EMPLOYMENT","employment_signal"
"kw-corv01-disc-282","1с программист 2025","EXCLUDE_DUPLICATE","group_CORV-G01-01_tier_limit"
"kw-corv01-disc-283","ironskills программист 1с","EXCLUDE_DUPLICATE","group_CORV-G01-01_tier_limit"
"kw-corv01-disc-284","программист 1с заработная плата","EXCLUDE_DUPLICATE","group_CORV-G01-01_tier_limit"
"kw-corv01-disc-285","виды программистов 1с","EXCLUDE_DUPLICATE","group_CORV-G01-01_tier_limit"
"kw-corv01-disc-286","программист 1с язык программирования","EXCLUDE_DUPLICATE","group_CORV-G01-01_tier_limit"
"kw-corv01-disc-287","программист 1с профессионал","EXCLUDE_DUPLICATE","group_CORV-G01-01_tier_limit"
"kw-corv01-disc-288","сколько стоит час работы программиста 1с","EXCLUDE_DUPLICATE","group_CORV-G01-01_tier_limit"
"kw-corv01-disc-289","программист 1с ижевск","EXCLUDE_DUPLICATE","group_CORV-G01-01_tier_limit"
"kw-corv01-disc-290","программист 1с с нуля самостоятельно","EXCLUDE_TRAINING","training_signal"
"kw-corv01-disc-291","1с программист вакансии краснодар","EXCLUDE_EMPLOYMENT","employment_signal"
"kw-corv01-disc-293","программист 1с пермь","EXCLUDE_DUPLICATE","group_CORV-G01-01_tier_limit"
"kw-corv01-disc-294","программист 1с какая зарплата","EXCLUDE_EMPLOYMENT","employment_signal"
"kw-corv01-disc-295","программисты 1с брянск","EXCLUDE_DUPLICATE","group_CORV-G01-01_tier_limit"
"kw-corv01-disc-296","вопросы ответы программист 1с","EXCLUDE_DUPLICATE","group_CORV-G01-01_tier_limit"
"kw-corv01-disc-297","1с программист вакансии кострома","EXCLUDE_EMPLOYMENT","employment_signal"
"kw-corv01-disc-298","сколько учиться на программиста 1с","EXCLUDE_TRAINING","training_signal"
"kw-corv01-disc-299","нетология курс 1с программист","DEFER_AMBIGUOUS","no_group_match"
"kw-corv01-disc-300","работа начинающим 1с программистам","EXCLUDE_DUPLICATE","group_CORV-G01-01_tier_limit"
"kw-corv01-disc-301","поздравление с днем программиста 1с","EXCLUDE_DUPLICATE","group_CORV-G01-01_tier_limit"
"kw-corv01-disc-302","поздравления с днем рождения программисту 1с","EXCLUDE_DUPLICATE","group_CORV-G01-01_tier_limit"
"kw-corv01-disc-303","1с мидл программист","EXCLUDE_DUPLICATE","group_CORV-G01-01_tier_limit"
"kw-corv01-disc-304","стоимость услуг 1с программиста","EXCLUDE_DUPLICATE","group_CORV-G01-01_tier_limit"
"kw-corv01-disc-305","тестовое задание для программиста 1с","EXCLUDE_DUPLICATE","group_CORV-G01-01_tier_limit"
"kw-corv01-disc-306","вакансии программист 1с вологда","EXCLUDE_EMPLOYMENT","employment_signal"
"kw-corv01-disc-307","1с программист обучение с нуля самостоятельно","EXCLUDE_TRAINING","training_signal"
"kw-corv01-disc-308","ооо программист 1с","EXCLUDE_DUPLICATE","group_CORV-G01-01_tier_limit"
"kw-corv01-disc-309","отучиться на программиста 1с","EXCLUDE_TRAINING","training_signal"
"kw-corv01-disc-310","программист 1с картинки","EXCLUDE_DUPLICATE","group_CORV-G01-01_tier_limit"
"kw-corv01-disc-311","1с бизнес программист","EXCLUDE_DUPLICATE","group_CORV-G01-01_tier_limit"
"kw-corv01-disc-312","программист 1с бийск","EXCLUDE_DUPLICATE","group_CORV-G01-01_tier_limit"
"kw-corv01-disc-313","учеба программист 1с","EXCLUDE_DUPLICATE","group_CORV-G01-01_tier_limit"
"kw-corv01-disc-314","программист 1с барнаул","EXCLUDE_DUPLICATE","group_CORV-G01-01_tier_limit"
"kw-corv01-disc-315","программист 1с документооборот","EXCLUDE_DUPLICATE","group_CORV-G01-01_tier_limit"
"kw-corv01-disc-316","программист 1с зарплата в россии","EXCLUDE_EMPLOYMENT","employment_signal"
"kw-corv01-disc-317","час работы 1с программиста цена","EXCLUDE_DUPLICATE","group_CORV-G01-01_tier_limit"
"kw-corv01-disc-318","поиск работы программист 1с","EXCLUDE_DUPLICATE","group_CORV-G01-01_tier_limit"
"kw-corv01-disc-319","квалификация программиста 1с","EXCLUDE_DUPLICATE","group_CORV-G01-01_tier_limit"
"kw-corv01-disc-320","программист 1с омск вакансии","EXCLUDE_EMPLOYMENT","employment_signal"
"kw-corv01-disc-321","программист 1с челябинск вакансии","EXCLUDE_EMPLOYMENT","employment_signal"
"kw-corv01-disc-322","стажировка 1с программист удаленно","EXCLUDE_EMPLOYMENT","employment_signal"
"kw-corv01-disc-323","программист 1с озон","EXCLUDE_DUPLICATE","group_CORV-G01-01_tier_limit"
"kw-corv01-disc-324","где найти программиста 1с","EXCLUDE_DUPLICATE","group_CORV-G01-01_tier_limit"
"kw-corv01-disc-325","программист 1с саратов","EXCLUDE_DUPLICATE","group_CORV-G01-01_tier_limit"
"kw-corv01-disc-326","клиенты программисту 1с","EXCLUDE_DUPLICATE","group_CORV-G01-01_tier_limit"
"kw-corv01-disc-327","программист 1с мем","EXCLUDE_DUPLICATE","group_CORV-G01-01_tier_limit"
"kw-corv01-disc-328","программист 1с франчайзи","EXCLUDE_DUPLICATE","group_CORV-G01-01_tier_limit"
"kw-corv01-disc-329","программист 1с торрент","EXCLUDE_DOWNLOAD","download_signal"
"kw-corv01-disc-330","программист 1с клин","EXCLUDE_DUPLICATE","group_CORV-G01-01_tier_limit"
"kw-corv01-disc-331","начинающий программист 1с вакансии","EXCLUDE_EMPLOYMENT","employment_signal"
"kw-corv01-disc-332","программист 1с middle","EXCLUDE_DUPLICATE","group_CORV-G01-01_tier_limit"
"kw-corv01-disc-333","вакансии программист 1с в новосибирске","EXCLUDE_EMPLOYMENT","employment_signal"
"kw-corv01-disc-334","вакансии программист 1с волгоград","EXCLUDE_EMPLOYMENT","employment_signal"
"kw-corv01-disc-335","вакансии программист 1с хабаровск","EXCLUDE_EMPLOYMENT","employment_signal"
"kw-corv01-disc-336","стоит ли учиться на программиста 1с","EXCLUDE_TRAINING","training_signal"
"kw-corv01-disc-337","программист 1с ищет работу","EXCLUDE_DUPLICATE","group_CORV-G01-01_tier_limit"
"kw-corv01-disc-338","программист 1с с нуля до профи","EXCLUDE_TRAINING","training_signal"
"kw-corv01-disc-339","программист 1с иваново","EXCLUDE_DUPLICATE","group_CORV-G01-01_tier_limit"
"kw-corv01-disc-340","тестирование программистов 1с","EXCLUDE_DUPLICATE","group_CORV-G01-01_tier_limit"
"kw-corv01-disc-341","1с программист газпром","EXCLUDE_DUPLICATE","group_CORV-G01-01_tier_limit"
"kw-corv01-disc-342","1с программист вакансии удаленно без опыта работы","EXCLUDE_EMPLOYMENT","employment_signal"
"kw-corv01-disc-343","как написать тз для программиста 1с пример","EXCLUDE_DUPLICATE","group_CORV-G01-01_tier_limit"
"kw-corv01-disc-344","программист 1с окпдтр","EXCLUDE_DUPLICATE","group_CORV-G01-01_tier_limit"
"kw-corv01-disc-345","программист 1с рускон","EXCLUDE_DUPLICATE","group_CORV-G01-01_tier_limit"
"kw-corv01-disc-346","программист 1с вакансии рязань","EXCLUDE_EMPLOYMENT","employment_signal"
"kw-corv01-disc-347","1с программист стажер вакансии удаленно","EXCLUDE_EMPLOYMENT","employment_signal"
"kw-corv01-disc-348","услуги 1с программиста цены","EXCLUDE_DUPLICATE","group_CORV-G01-01_tier_limit"
"kw-corv01-disc-349","программист 1с удаленно москва","EXCLUDE_GEO_IRRELEVANT","foreign_geo"
"kw-corv01-disc-350","программист 1с дмитрий","EXCLUDE_DUPLICATE","group_CORV-G01-01_tier_limit"
"kw-corv01-disc-351","стоимость работы программиста 1с в час","EXCLUDE_DUPLICATE","group_CORV-G01-01_tier_limit"
"kw-corv01-disc-352","программист сопровождение 1с","EXCLUDE_DUPLICATE","group_CORV-G01-01_tier_limit"
"kw-corv01-disc-353","вакансии программист 1с воронеже","EXCLUDE_EMPLOYMENT","employment_signal"
"kw-corv01-disc-354","программисты 1с ульяновск","EXCLUDE_DUPLICATE","group_CORV-G01-01_tier_limit"
"kw-corv01-disc-355","программист 1с первый бит","EXCLUDE_DUPLICATE","group_CORV-G01-01_tier_limit"
"kw-corv01-disc-356","1с программист джун","EXCLUDE_DUPLICATE","group_CORV-G01-01_tier_limit"
"kw-corv01-disc-357","практическое пособие разработчика библия 1с программиста","EXCLUDE_DUPLICATE","group_CORV-G01-01_tier_limit"
"kw-corv01-disc-358","практическое пособие разработчика библия 1с программиста хрусталева","EXCLUDE_DUPLICATE","group_CORV-G01-01_tier_limit"
"kw-corv01-disc-359","пример технического задания для программиста 1с","EXCLUDE_DUPLICATE","group_CORV-G01-01_tier_limit"
"kw-corv01-disc-360","программист 1с на проект","EXCLUDE_DUPLICATE","group_CORV-G01-01_tier_limit"
"kw-corv01-disc-361","программист 1с киров","EXCLUDE_DUPLICATE","group_CORV-G01-01_tier_limit"
"kw-corv01-disc-362","лицензия программиста 1с","EXCLUDE_DUPLICATE","group_CORV-G01-01_tier_limit"
"kw-corv01-disc-363","программист 1с фирма","EXCLUDE_DUPLICATE","group_CORV-G01-01_tier_limit"
"kw-corv01-disc-364","программист 1с пенза","EXCLUDE_DUPLICATE","group_CORV-G01-01_tier_limit"
"kw-corv01-disc-365","инструменты программиста 1с","EXCLUDE_DUPLICATE","group_CORV-G01-01_tier_limit"
"kw-corv01-disc-366","вакансии 1с программист томск","EXCLUDE_EMPLOYMENT","employment_signal"
"kw-corv01-disc-367","компетенции программиста 1с","EXCLUDE_DUPLICATE","group_CORV-G01-01_tier_limit"
"kw-corv01-disc-368","помощник программист 1с","EXCLUDE_DUPLICATE","group_CORV-G01-01_tier_limit"
"kw-corv01-disc-369","обучение программист 1с с нуля дистанционно","EXCLUDE_TRAINING","training_signal"
"kw-corv01-disc-370","1с программист беларусь","EXCLUDE_DUPLICATE","group_CORV-G01-01_tier_limit"
"kw-corv01-disc-371","1с программист вакансии тюмень","EXCLUDE_EMPLOYMENT","employment_signal"
"kw-corv01-disc-372","обучиться на программиста 1с","EXCLUDE_TRAINING","training_signal"
"kw-corv01-disc-373","ученик программиста 1с","EXCLUDE_DUPLICATE","group_CORV-G01-01_tier_limit"
"kw-corv01-disc-374","программист 1с торговля","EXCLUDE_DUPLICATE","group_CORV-G01-01_tier_limit"
"kw-corv01-disc-375","программист 1с программа обучения","EXCLUDE_TRAINING","training_signal"
"kw-corv01-disc-376","программист 1с вакансии москва удаленно","EXCLUDE_EMPLOYMENT","employment_signal"
"kw-corv01-disc-377","программист 1с верхняя пышма","EXCLUDE_DUPLICATE","group_CORV-G01-01_tier_limit"
"kw-corv01-disc-378","программист 1с чебоксары","EXCLUDE_DUPLICATE","group_CORV-G01-01_tier_limit"
"kw-corv01-disc-379","как писать тз программисту 1с","EXCLUDE_DUPLICATE","group_CORV-G01-01_tier_limit"
"kw-corv01-disc-380","программист 1с вакансии во владимире","EXCLUDE_EMPLOYMENT","employment_signal"
"kw-corv01-disc-381","работа стажером программистом 1с","EXCLUDE_EMPLOYMENT","employment_signal"
"kw-corv01-disc-382","программист 1с стажер без опыта","EXCLUDE_EMPLOYMENT","employment_signal"
"kw-corv01-disc-383","курс 1с программист яндекс","DEFER_AMBIGUOUS","no_group_match"
"kw-corv01-disc-384","программист 1с рарус","EXCLUDE_DUPLICATE","group_CORV-G01-01_tier_limit"
"kw-corv01-disc-385","программист 1с кратко","EXCLUDE_DUPLICATE","group_CORV-G01-01_tier_limit"
"kw-corv01-disc-386","программист 1с оренбург","EXCLUDE_DUPLICATE","group_CORV-G01-01_tier_limit"
"kw-corv01-disc-387","должностные обязанности программиста 1с","EXCLUDE_DUPLICATE","group_CORV-G01-01_tier_limit"
"kw-corv01-disc-388","программист 1с тольятти","EXCLUDE_DUPLICATE","group_CORV-G01-01_tier_limit"
"kw-corv01-disc-389","1с школы программистов","EXCLUDE_TRAINING","training_signal"
"kw-corv01-disc-390","руском программист 1с","EXCLUDE_DUPLICATE","group_CORV-G01-01_tier_limit"
"kw-corv01-disc-391","программист 1с джуниор вакансии","EXCLUDE_EMPLOYMENT","employment_signal"
"kw-corv01-disc-392","программист 1с найти специалиста","EXCLUDE_DUPLICATE","group_CORV-G01-01_tier_limit"
"kw-corv01-disc-393","программист 1с вакансии hh","EXCLUDE_EMPLOYMENT","employment_signal"
"kw-corv01-disc-394","программист 1с калининград","EXCLUDE_DUPLICATE","group_CORV-G01-01_tier_limit"
"kw-corv01-disc-395","1с клуб программистов и робототехники кострома","EXCLUDE_DUPLICATE","group_CORV-G01-01_tier_limit"
"kw-corv01-disc-396","программист 1с средняя зарплата москва","EXCLUDE_EMPLOYMENT","employment_signal"
"kw-corv01-disc-397","главный программист 1с","EXCLUDE_DUPLICATE","group_CORV-G01-01_tier_limit"
"kw-corv01-disc-398","1с программист расширенный курс","DEFER_AMBIGUOUS","no_group_match"
"kw-corv01-disc-399","работа программистом 1с отзывы","EXCLUDE_EMPLOYMENT","employment_signal"
"kw-corv01-disc-400","skillbox 1с программист","EXCLUDE_DUPLICATE","group_CORV-G01-01_tier_limit"
"kw-corv01-disc-401","требуется программист 1с симферополь","EXCLUDE_DUPLICATE","group_CORV-G01-01_tier_limit"
"kw-corv01-disc-402","программист 1с элемент","EXCLUDE_DUPLICATE","group_CORV-G01-01_tier_limit"
"kw-corv01-disc-403","программист 1с после курсов","DEFER_AMBIGUOUS","no_group_match"
"kw-corv01-disc-404","оплата программиста 1с","EXCLUDE_DUPLICATE","group_CORV-G01-01_tier_limit"
"kw-corv01-disc-405","программист 1с курсы с трудоустройством","EXCLUDE_EMPLOYMENT","employment_signal"
"kw-corv01-disc-406","программист 1с обучение спб","EXCLUDE_TRAINING","training_signal"
"kw-corv01-disc-407","стоимость 1 часа работы программиста 1с","EXCLUDE_DUPLICATE","group_CORV-G01-01_tier_limit"
"kw-corv01-disc-408","парк культуры программист 1с","EXCLUDE_DUPLICATE","group_CORV-G01-01_tier_limit"
"kw-corv01-disc-409","1с программист вуз","EXCLUDE_DUPLICATE","group_CORV-G01-01_tier_limit"
"kw-corv01-disc-410","программист 1с ставрополь","EXCLUDE_DUPLICATE","group_CORV-G01-01_tier_limit"
"kw-corv01-disc-411","вакансии программиста 1с верхняя пышма","EXCLUDE_EMPLOYMENT","employment_signal"
"kw-corv01-disc-412","1с программист стажировка с обучением без опыта","EXCLUDE_EMPLOYMENT","employment_signal"
"kw-corv01-disc-413","как написать техзадание для программиста 1с","EXCLUDE_DUPLICATE","group_CORV-G01-01_tier_limit"
"kw-corv01-disc-414","авито 1с программист услуги","EXCLUDE_DUPLICATE","group_CORV-G01-01_tier_limit"
"kw-corv01-disc-415","отзывы нетология 1с программист","EXCLUDE_DUPLICATE","group_CORV-G01-01_tier_limit"
"kw-corv01-disc-416","1с программист орел","EXCLUDE_DUPLICATE","group_CORV-G01-01_tier_limit"
"kw-corv01-disc-417","обучение на программиста 1с с нуля онлайн","EXCLUDE_TRAINING","training_signal"
"kw-corv01-disc-418","вакансии программиста 1с уфа","EXCLUDE_EMPLOYMENT","employment_signal"
"kw-corv01-disc-419","программист 1с junior вакансии","EXCLUDE_EMPLOYMENT","employment_signal"
"kw-corv01-disc-420","где искать программистов 1с","EXCLUDE_DUPLICATE","group_CORV-G01-01_tier_limit"
"kw-corv01-disc-421","вакансии бийск программист 1с","EXCLUDE_EMPLOYMENT","employment_signal"
"kw-corv01-disc-422","старший программист 1с","EXCLUDE_DUPLICATE","group_CORV-G01-01_tier_limit"
"kw-corv01-disc-423","программист 1с казахстан","EXCLUDE_DUPLICATE","group_CORV-G01-01_tier_limit"
"kw-corv01-disc-424","бухучет для программистов 1с","EXCLUDE_DUPLICATE","group_CORV-G01-01_tier_limit"
"kw-corv01-disc-425","1с программист быстрый старт","EXCLUDE_DUPLICATE","group_CORV-G01-01_tier_limit"
"kw-corv01-disc-426","чем отличается разработчик от программиста 1с","EXCLUDE_DUPLICATE","group_CORV-G01-01_tier_limit"
"kw-corv01-disc-427","нетология 1с программист расширенный курс","DEFER_AMBIGUOUS","no_group_match"
"kw-corv01-disc-428","программист 1с с чего начать","EXCLUDE_DUPLICATE","group_CORV-G01-01_tier_limit"
"kw-corv01-disc-429","21 день программиста 1с","EXCLUDE_DUPLICATE","group_CORV-G01-01_tier_limit"
"kw-corv01-disc-430","программист 1с курс скачать","EXCLUDE_DOWNLOAD","download_signal"
"kw-corv01-disc-431","вакансии программист 1с иркутск","EXCLUDE_EMPLOYMENT","employment_signal"
"kw-corv01-disc-432","заказы для 1с программиста","EXCLUDE_DUPLICATE","group_CORV-G01-01_tier_limit"
"kw-corv01-disc-433","получить сертификат 1с программиста","EXCLUDE_TRAINING","training_signal"
"kw-corv01-disc-434","ставка часа программиста 1с","EXCLUDE_DUPLICATE","group_CORV-G01-01_tier_limit"
"kw-corv01-disc-435","вакансия ведущий программист 1с","EXCLUDE_EMPLOYMENT","employment_signal"
"kw-corv01-disc-436","1с программист майкоп","EXCLUDE_DUPLICATE","group_CORV-G01-01_tier_limit"
"kw-corv01-disc-437","программист 1с сочи","EXCLUDE_DUPLICATE","group_CORV-G01-01_tier_limit"
"kw-corv01-disc-438","1с задания для начинающих программистов","EXCLUDE_DUPLICATE","group_CORV-G01-01_tier_limit"
"kw-corv01-disc-439","1с программист на хх ру","EXCLUDE_DUPLICATE","group_CORV-G01-01_tier_limit"
"kw-corv01-disc-440","слив курсов 1с программист","DEFER_AMBIGUOUS","no_group_match"
"kw-corv01-disc-441","программист 1с обучение с нуля екатеринбург","EXCLUDE_TRAINING","training_signal"
"kw-corv01-disc-442","1с программист в 40","EXCLUDE_DUPLICATE","group_CORV-G01-01_tier_limit"
"kw-corv01-disc-443","roadmap 1с программист","EXCLUDE_DUPLICATE","group_CORV-G01-01_tier_limit"
"kw-corv01-disc-444","окз программист 1с для сзв тд","EXCLUDE_DUPLICATE","group_CORV-G01-01_tier_limit"
"kw-corv01-disc-445","программист 1с обучение с нуля спб","EXCLUDE_TRAINING","training_signal"
"kw-corv01-disc-446","дорожные карты программиста 1с","EXCLUDE_DUPLICATE","group_CORV-G01-01_tier_limit"
"kw-corv01-disc-447","брянск работа программист 1с","EXCLUDE_DUPLICATE","group_CORV-G01-01_tier_limit"
"kw-corv01-disc-448","заменит ли ии программистов 1с","EXCLUDE_DUPLICATE","group_CORV-G01-01_tier_limit"
"kw-corv01-disc-449","подработка для программистов 1с","EXCLUDE_DUPLICATE","group_CORV-G01-01_tier_limit"
"kw-corv01-disc-450","профстандарт программист 1с","EXCLUDE_DUPLICATE","group_CORV-G01-01_tier_limit"
"kw-corv01-disc-451","программист 1с обучение с трудоустройством","EXCLUDE_EMPLOYMENT","employment_signal"
"kw-corv01-disc-452","работа программист 1с удаленно вакансии спб","EXCLUDE_EMPLOYMENT","employment_signal"
"kw-corv01-disc-453","работа хабаровск программист 1с","EXCLUDE_DUPLICATE","group_CORV-G01-01_tier_limit"
"kw-corv01-disc-454","1с программист вакансии курск","EXCLUDE_EMPLOYMENT","employment_signal"
"kw-corv01-disc-455","вакансии в аккредитованных компаниях программист стажер 1с","EXCLUDE_EMPLOYMENT","employment_signal"
"kw-corv01-disc-456","программист разработчик 1с обучение","EXCLUDE_TRAINING","training_signal"
"kw-corv01-disc-457","программист 1с 7.7 вакансии","EXCLUDE_EMPLOYMENT","employment_signal"
"kw-corv01-disc-458","где программисту 1с хорошо","EXCLUDE_DUPLICATE","group_CORV-G01-01_tier_limit"
"kw-corv01-disc-459","работа 1с программист обучение","EXCLUDE_EMPLOYMENT","employment_signal"
"kw-corv01-disc-460","программист 1с торрент скачать","EXCLUDE_DOWNLOAD","download_signal"
"kw-corv01-disc-461","сколько программистов 1с в россии","EXCLUDE_DUPLICATE","group_CORV-G01-01_tier_limit"
"kw-corv01-disc-462","стоит ли идти в 1с программисты","EXCLUDE_DUPLICATE","group_CORV-G01-01_tier_limit"
"kw-corv01-disc-463","1с программист востребованность и перспективы","EXCLUDE_DUPLICATE","group_CORV-G01-01_tier_limit"
"kw-corv01-disc-464","техзадание для программиста 1с пример","EXCLUDE_DUPLICATE","group_CORV-G01-01_tier_limit"
"kw-corv01-disc-465","1с программист подольск","EXCLUDE_DUPLICATE","group_CORV-G01-01_tier_limit"
"kw-corv01-disc-466","спрос на 1с программистов","EXCLUDE_DUPLICATE","group_CORV-G01-01_tier_limit"
"kw-corv01-disc-467","переподготовка на программиста 1с","EXCLUDE_DUPLICATE","group_CORV-G01-01_tier_limit"
"kw-corv01-disc-468","1с программист изучить","EXCLUDE_DUPLICATE","group_CORV-G01-01_tier_limit"
"kw-corv01-disc-469","1с программист эксперт","EXCLUDE_DUPLICATE","group_CORV-G01-01_tier_limit"
"kw-corv01-disc-470","курсы программист 1с спб","DEFER_AMBIGUOUS","no_group_match"
"kw-corv01-disc-471","1с справочник программиста","EXCLUDE_DUPLICATE","group_CORV-G01-01_tier_limit"
"kw-corv01-disc-472","программист 1с элита м","EXCLUDE_DUPLICATE","group_CORV-G01-01_tier_limit"
"kw-corv01-disc-473","программист 1с вакансии иваново","EXCLUDE_EMPLOYMENT","employment_signal"
"kw-corv01-disc-474","сколько стоит 1 час работы программиста 1с","EXCLUDE_DUPLICATE","group_CORV-G01-01_tier_limit"
"kw-corv01-disc-475","подготовка к собеседованию 1с программист","EXCLUDE_EMPLOYMENT","employment_signal"
"kw-corv01-disc-476","вакансии инженер программист 1с","EXCLUDE_EMPLOYMENT","employment_signal"
"kw-corv01-disc-477","стоимость услуг программиста 1с в час","EXCLUDE_DUPLICATE","group_CORV-G01-01_tier_limit"
"kw-corv01-disc-478","код по окз программист 1с","EXCLUDE_DUPLICATE","group_CORV-G01-01_tier_limit"
"kw-corv01-disc-479","1с разработчик и 1с программист отличие","EXCLUDE_DUPLICATE","group_CORV-G01-01_tier_limit"
"kw-corv01-disc-480","программист 1с саранск","EXCLUDE_DUPLICATE","group_CORV-G01-01_tier_limit"
"kw-corv01-disc-481","программист 1с описание","EXCLUDE_DUPLICATE","group_CORV-G01-01_tier_limit"
"kw-corv01-disc-482","1с 7 программист","EXCLUDE_DUPLICATE","group_CORV-G01-01_tier_limit"
"kw-corv01-disc-483","что значит программист 1с","EXCLUDE_DUPLICATE","group_CORV-G01-01_tier_limit"
"kw-corv01-disc-484","программист 1с вакансии набережные челны","EXCLUDE_EMPLOYMENT","employment_signal"
"kw-corv01-disc-485","1с программист алматы работа","EXCLUDE_DUPLICATE","group_CORV-G01-01_tier_limit"
"kw-corv01-disc-486","программист 1с тула","EXCLUDE_DUPLICATE","group_CORV-G01-01_tier_limit"
"kw-corv01-disc-487","стажировка 1с программист удаленно без опыта","EXCLUDE_EMPLOYMENT","employment_signal"
"kw-corv01-disc-488","алабуга программист 1с","EXCLUDE_DUPLICATE","group_CORV-G01-01_tier_limit"
"kw-corv01-disc-489","чем отличается аналитик 1с от программиста 1с","EXCLUDE_DUPLICATE","group_CORV-G01-01_tier_limit"
"kw-corv01-disc-490","программист 1с цена за час","EXCLUDE_DUPLICATE","group_CORV-G01-01_tier_limit"
"kw-corv01-disc-491","работа программистом 1с в спб","EXCLUDE_EMPLOYMENT","employment_signal"
"kw-corv01-disc-492","трудовая функция программиста 1с","EXCLUDE_DUPLICATE","group_CORV-G01-01_tier_limit"
"kw-corv01-disc-493","как составить тз для программиста 1с","EXCLUDE_DUPLICATE","group_CORV-G01-01_tier_limit"
"kw-corv01-disc-494","программист 1с вакансии пенза","EXCLUDE_EMPLOYMENT","employment_signal"
"kw-corv01-disc-495","программист 1с унф","EXCLUDE_DUPLICATE","group_CORV-G01-01_tier_limit"
"kw-corv01-disc-496","востребован ли 1с программист","EXCLUDE_DUPLICATE","group_CORV-G01-01_tier_limit"
"kw-corv01-disc-497","1с программист вакансии в ульяновске","EXCLUDE_EMPLOYMENT","employment_signal"
"kw-corv01-disc-498","программист 1с видео","EXCLUDE_DUPLICATE","group_CORV-G01-01_tier_limit"
"kw-corv01-disc-500","1с курсы для программистов бесплатно","EXCLUDE_EMPLOYMENT","employment_signal"
"kw-corv01-disc-501","шаблон технического задания программисту 1с","EXCLUDE_DUPLICATE","group_CORV-G01-01_tier_limit"
"kw-corv01-disc-502","фриланс 1с программист работа","EXCLUDE_DUPLICATE","group_CORV-G01-01_tier_limit"
"kw-corv01-disc-503","1с программист алматы hh","EXCLUDE_EMPLOYMENT","employment_signal"
"kw-corv01-disc-504","вакансии 1с программист стажер москва","EXCLUDE_EMPLOYMENT","employment_signal"
"kw-corv01-disc-505","1с программист быстрый старт в профессию","EXCLUDE_DUPLICATE","group_CORV-G01-01_tier_limit"
"kw-corv01-disc-506","центры обучения программистов 1с","EXCLUDE_TRAINING","training_signal"
"kw-corv01-disc-507","программист 1с тольятти вакансии","EXCLUDE_EMPLOYMENT","employment_signal"
"kw-corv01-disc-508","алена мешкова программист 1с","EXCLUDE_DUPLICATE","group_CORV-G01-01_tier_limit"
"kw-corv01-disc-510","программист 1с код окпдтр","EXCLUDE_DUPLICATE","group_CORV-G01-01_tier_limit"
"kw-corv01-disc-511","подработка программистом 1с минск","EXCLUDE_DUPLICATE","group_CORV-G01-01_tier_limit"
"kw-corv01-disc-512","программист 1с вакансии пермь","EXCLUDE_EMPLOYMENT","employment_signal"
"kw-corv01-disc-513","программист 1с красноярск вакансии без опыта","EXCLUDE_EMPLOYMENT","employment_signal"
"kw-corv01-disc-514","инженер программист 1с обучение","EXCLUDE_TRAINING","training_signal"
"kw-corv01-disc-515","курс для начинающих 1с программистов","DEFER_AMBIGUOUS","no_group_match"
"kw-corv01-disc-516","программист 1с вакансии орел","EXCLUDE_EMPLOYMENT","employment_signal"
"kw-corv01-disc-517","мемы про 1с программистов","EXCLUDE_DUPLICATE","group_CORV-G01-01_tier_limit"
"kw-corv01-disc-518","1с программист анапа","EXCLUDE_DUPLICATE","group_CORV-G01-01_tier_limit"
"kw-corv01-disc-519","содействие занятости 1с программист","EXCLUDE_DUPLICATE","group_CORV-G01-01_tier_limit"
"kw-corv01-disc-520","работа программистом 1с в иркутске","EXCLUDE_EMPLOYMENT","employment_signal"
"kw-corv01-disc-521","1с программист обучение цена","EXCLUDE_TRAINING","training_signal"
"kw-corv01-disc-522","программист 1с сложно ли обучиться","EXCLUDE_TRAINING","training_signal"
"kw-corv01-disc-523","вопрос ответ собеседование 1с программист","EXCLUDE_EMPLOYMENT","employment_signal"
"kw-corv01-disc-524","средняя зарплата программиста 1с в россии","EXCLUDE_EMPLOYMENT","employment_signal"
"kw-corv01-disc-525","я программист 1с запросики отчетики","EXCLUDE_DUPLICATE","group_CORV-G01-01_tier_limit"
"kw-corv01-disc-526","обучение на 1с программиста курсы","EXCLUDE_TRAINING","training_signal"
"kw-corv01-disc-527","вакансия 1с программист в калининграде","EXCLUDE_EMPLOYMENT","employment_signal"
"kw-corv01-disc-528","работа 1с программист аутсорсинг","EXCLUDE_EMPLOYMENT","employment_signal"
"kw-corv01-disc-529","освоив программу 1с куда может трудоустроиться программист","EXCLUDE_DUPLICATE","group_CORV-G01-01_tier_limit"
"kw-corv01-disc-530","что делает программист 1с простыми словами","EXCLUDE_DUPLICATE","group_CORV-G01-01_tier_limit"
"kw-corv01-disc-531","программист 1с обучение отзывы","EXCLUDE_TRAINING","training_signal"
"kw-corv01-disc-532","книга учебник программист 1с","EXCLUDE_TRAINING","training_signal"
"kw-corv01-disc-533","требуется программист 1с удаленно","EXCLUDE_DUPLICATE","group_CORV-G01-01_tier_limit"
"kw-corv01-disc-534","что должен уметь программист 1с","EXCLUDE_DUPLICATE","group_CORV-G01-01_tier_limit"
"kw-corv01-disc-535","что нужно знать начинающему программисту 1с","EXCLUDE_DUPLICATE","group_CORV-G01-01_tier_limit"
"kw-corv01-disc-536","роадмап 1с программист","EXCLUDE_DUPLICATE","group_CORV-G01-01_tier_limit"
"kw-corv01-disc-537","должность программист 1с в классификаторе","EXCLUDE_DUPLICATE","group_CORV-G01-01_tier_limit"
"kw-corv01-disc-538","перспективы программиста 1с в 2026","EXCLUDE_DUPLICATE","group_CORV-G01-01_tier_limit"
"kw-corv01-disc-539","из бухгалтера в 1с программиста","EXCLUDE_DUPLICATE","group_CORV-G01-01_tier_limit"
"kw-corv01-disc-540","стоимость часа 1с программиста 2026","EXCLUDE_DUPLICATE","group_CORV-G01-01_tier_limit"
"kw-corv01-disc-541","вакансии программист 1с в железнодорожном","EXCLUDE_EMPLOYMENT","employment_signal"
"kw-corv01-disc-542","1с программист зарплата 2025","EXCLUDE_EMPLOYMENT","employment_signal"
"kw-corv01-disc-543","образец тз для программиста 1с","EXCLUDE_DUPLICATE","group_CORV-G01-01_tier_limit"
"kw-corv01-disc-544","как искать клиентов программисту 1с","EXCLUDE_DUPLICATE","group_CORV-G01-01_tier_limit"
"kw-corv01-disc-545","программист 1с вакансии саратов","EXCLUDE_EMPLOYMENT","employment_signal"
"kw-corv01-disc-546","работа 1с программистом воронеж","EXCLUDE_EMPLOYMENT","employment_signal"
"kw-corv01-disc-547","договор гпх с программистом 1с","EXCLUDE_DUPLICATE","group_CORV-G01-01_tier_limit"
"kw-corv01-disc-548","1с программист доработки липецк частный исполнитель","EXCLUDE_DUPLICATE","group_CORV-G01-01_tier_limit"
"kw-corv01-disc-549","нужен программист 1с для доработок","EXCLUDE_DUPLICATE","group_CORV-G01-01_tier_limit"
"kw-corv01-disc-551","сложно ли стать программистом 1с","EXCLUDE_DUPLICATE","group_CORV-G01-01_tier_limit"
"kw-corv01-disc-552","вакансии программист 1с вэмз","EXCLUDE_EMPLOYMENT","employment_signal"
"kw-corv01-disc-553","программист 1с платформа 8.5","EXCLUDE_DUPLICATE","group_CORV-G01-01_tier_limit"
"kw-corv01-disc-554","рускон новороссийск программист 1с","EXCLUDE_DUPLICATE","group_CORV-G01-01_tier_limit"
"kw-corv01-disc-555","1с программист москва hh","EXCLUDE_EMPLOYMENT","employment_signal"
"kw-corv01-disc-556","сколько учиться на 1с программиста с нуля","EXCLUDE_TRAINING","training_signal"
"kw-corv01-disc-557","программист 1с обучение с нуля челябинск","EXCLUDE_TRAINING","training_signal"
"kw-corv01-disc-558","программист 1с вакансии смоленск","EXCLUDE_EMPLOYMENT","employment_signal"
"kw-corv01-disc-559","тестовое задание для стажера программиста 1с","EXCLUDE_EMPLOYMENT","employment_signal"
"kw-corv01-disc-560","какие вопросы на собеседование программист 1с","EXCLUDE_EMPLOYMENT","employment_signal"
"kw-corv01-disc-561","найти программиста 1с на аутсорсинг","EXCLUDE_DUPLICATE","group_CORV-G01-01_tier_limit"
"kw-corv01-disc-562","аутстаффинг программистов 1с","EXCLUDE_DUPLICATE","group_CORV-G01-01_tier_limit"
"kw-corv01-disc-563","программист 1с erp обучение","EXCLUDE_TRAINING","training_signal"
"kw-corv01-disc-564","программист 1с частичная занятость","EXCLUDE_DUPLICATE","group_CORV-G01-01_tier_limit"
"kw-corv01-disc-565","программист 1с повышения квалификации","EXCLUDE_DUPLICATE","group_CORV-G01-01_tier_limit"
"kw-corv01-disc-566","час программиста 1с в москве","EXCLUDE_DUPLICATE","group_CORV-G01-01_tier_limit"
"kw-corv01-disc-567","промты для программиста 1с","EXCLUDE_DUPLICATE","group_CORV-G01-01_tier_limit"
"kw-corv01-disc-568","роман галкин программист 1с","EXCLUDE_DUPLICATE","group_CORV-G01-01_tier_limit"
"kw-corv01-disc-569","рекомендованная стоимость часа 1с программиста","EXCLUDE_DUPLICATE","group_CORV-G01-01_tier_limit"
"kw-corv01-disc-570","зарплата программиста 1с в регионах","EXCLUDE_EMPLOYMENT","employment_signal"
"kw-corv01-disc-571","стажер 1с программист вакансии в новосибирске","EXCLUDE_EMPLOYMENT","employment_signal"
"kw-corv01-disc-572","программист 1с обучение с нуля курсы спб","EXCLUDE_TRAINING","training_signal"
"kw-corv01-disc-573","программист 1с вакансии москва форум","EXCLUDE_EMPLOYMENT","employment_signal"
"kw-corv01-disc-574","я программист 1с песня слушать","EXCLUDE_DUPLICATE","group_CORV-G01-01_tier_limit"
"kw-corv01-disc-575","бесплатное обучение на программиста 1с с сертификатом","EXCLUDE_EMPLOYMENT","employment_signal"
"kw-corv01-disc-576","бэст мебель владимир программист 1с","EXCLUDE_DUPLICATE","group_CORV-G01-01_tier_limit"
"kw-corv01-disc-577","вакансии программиста 1с на удаленке 2026 год","EXCLUDE_EMPLOYMENT","employment_signal"
"kw-corv01-disc-578","стажировка 1с программист ростов на дону","EXCLUDE_EMPLOYMENT","employment_signal"
"kw-corv01-disc-579","нормо час программиста 1с","EXCLUDE_DUPLICATE","group_CORV-G01-01_tier_limit"
"kw-corv01-disc-580","программист 1с онлайн курсы","DEFER_AMBIGUOUS","no_group_match"
"kw-corv01-disc-581","вакансии программист 1с муром","EXCLUDE_EMPLOYMENT","employment_signal"
"kw-corv01-disc-582","программист 1с дзержинск вакансии","EXCLUDE_EMPLOYMENT","employment_signal"
"kw-corv01-disc-583","отучиться на 1с программиста с нуля","EXCLUDE_TRAINING","training_signal"
"kw-corv01-disc-584","программист 1с вакансии брянск","EXCLUDE_EMPLOYMENT","employment_signal"
"kw-corv01-disc-585","помощник программиста 1с вакансии","EXCLUDE_EMPLOYMENT","employment_signal"
"kw-corv01-disc-586","лидер фарма программист 1с","EXCLUDE_DUPLICATE","group_CORV-G01-01_tier_limit"
"kw-corv01-disc-587","программист 1с лидер фарм","EXCLUDE_DUPLICATE","group_CORV-G01-01_tier_limit"
"kw-corv01-disc-588","авито иркутск программист 1с","EXCLUDE_DUPLICATE","group_CORV-G01-01_tier_limit"
"kw-corv01-disc-589","рабочая программа программирование 1с 09.02 07 программист","EXCLUDE_DUPLICATE","group_CORV-G01-01_tier_limit"
"kw-corv01-disc-590","вакансии 1с программист ногинск","EXCLUDE_EMPLOYMENT","employment_signal"
"kw-corv01-disc-592","тех задание программистам 1с пример","EXCLUDE_DUPLICATE","group_CORV-G01-01_tier_limit"
"kw-corv01-disc-593","что с рынков программистов 1с","EXCLUDE_DUPLICATE","group_CORV-G01-01_tier_limit"
"kw-corv01-disc-594","как выучиться на программиста 1с с нуля","EXCLUDE_TRAINING","training_signal"
"kw-corv01-disc-595","вакансии 1с программист на сопровождение минск","EXCLUDE_EMPLOYMENT","employment_signal"
"kw-corv01-disc-596","1с программист стало сложно найти работу","EXCLUDE_DUPLICATE","group_CORV-G01-01_tier_limit"
"kw-corv01-disc-597","вакансии ученик 1с программист красноярск","EXCLUDE_EMPLOYMENT","employment_signal"
"kw-corv01-disc-598","программист 1с диадок контур","EXCLUDE_DUPLICATE","group_CORV-G01-01_tier_limit"
"kw-corv01-disc-599","программист 1с комендантский проспект спб","EXCLUDE_DUPLICATE","group_CORV-G01-01_tier_limit"
"kw-corv01-disc-600","работа программист 1с спб метро комендантский проспект","EXCLUDE_EMPLOYMENT","employment_signal"
"kw-corv01-disc-601","1с программист без опыта вакансии ярославль","EXCLUDE_EMPLOYMENT","employment_signal"
"kw-corv01-disc-602","нужен ли программисту 1с технический склад ума","EXCLUDE_DUPLICATE","group_CORV-G01-01_tier_limit"
"kw-corv01-disc-603","программист 1с стажер аптека плюс самара","EXCLUDE_EMPLOYMENT","employment_signal"
"kw-corv01-disc-604","частный программист 1с сергиев посад","EXCLUDE_DUPLICATE","group_CORV-G01-01_tier_limit"
"kw-corv01-disc-605","1с программист донецк","EXCLUDE_DUPLICATE","group_CORV-G01-01_tier_limit"
"kw-corv01-disc-606","ironskills инструменты программиста 1с часть 2","EXCLUDE_DUPLICATE","group_CORV-G01-01_tier_limit"
"kw-corv01-disc-607","программист 1с днр","EXCLUDE_DUPLICATE","group_CORV-G01-01_tier_limit"
"kw-corv01-disc-608","вакансии программист 1с донецк","EXCLUDE_EMPLOYMENT","employment_signal"
"kw-corv01-disc-628","работа сопровождение 1с","EXCLUDE_EMPLOYMENT","employment_signal"
"kw-corv01-disc-630","сопровождение 1с екатеринбург","EXCLUDE_GEO_IRRELEVANT","foreign_geo"
"kw-corv01-disc-635","сопровождение системы 1с предприятие","EXCLUDE_DUPLICATE","group_CORV-G01-05_tier_limit"
"kw-corv01-disc-636","центр сопровождения 1с екатеринбург","EXCLUDE_GEO_IRRELEVANT","foreign_geo"
"kw-corv01-disc-637","асп центр сопровождения 1с","EXCLUDE_DUPLICATE","group_CORV-G01-05_tier_limit"
"kw-corv01-disc-638","1с база сопровождение","EXCLUDE_DUPLICATE","group_CORV-G01-05_tier_limit"
"kw-corv01-disc-639","поддержка сопровождение 1с","EXCLUDE_DUPLICATE","group_CORV-G01-05_tier_limit"
"kw-corv01-disc-640","специалист по сопровождению 1с","EXCLUDE_DUPLICATE","group_CORV-G01-05_tier_limit"
"kw-corv01-disc-641","внедрение и сопровождение 1с","EXCLUDE_DUPLICATE","group_CORV-G01-05_tier_limit"
"kw-corv01-disc-642","сопровождение программного продукта 1с предприятие","EXCLUDE_DUPLICATE","group_CORV-G01-05_tier_limit"
"kw-corv01-disc-643","сопровождение пользователей 1с","EXCLUDE_DUPLICATE","group_CORV-G01-05_tier_limit"
"kw-corv01-disc-644","асп сопровождение 1с екатеринбург","EXCLUDE_GEO_IRRELEVANT","foreign_geo"
"kw-corv01-disc-645","1с компания сопровождение","EXCLUDE_DUPLICATE","group_CORV-G01-05_tier_limit"
"kw-corv01-disc-646","1с сопровождение цены","EXCLUDE_DUPLICATE","group_CORV-G01-05_tier_limit"
"kw-corv01-disc-647","асп центр сопровождения 1с екатеринбург","EXCLUDE_GEO_IRRELEVANT","foreign_geo"
"kw-corv01-disc-648","услуги по сопровождению 1с предприятие","EXCLUDE_DUPLICATE","group_CORV-G01-05_tier_limit"
"kw-corv01-disc-649","сопровождение 1с стоимость","EXCLUDE_DUPLICATE","group_CORV-G01-05_tier_limit"
"kw-corv01-disc-650","сервис 1с сопровождение","EXCLUDE_DUPLICATE","group_CORV-G01-05_tier_limit"
"kw-corv01-disc-651","сопровождение 1с предприятие 8","EXCLUDE_DUPLICATE","group_CORV-G01-05_tier_limit"
"kw-corv01-disc-652","сопровождение 1с 1","EXCLUDE_DUPLICATE","group_CORV-G01-05_tier_limit"
"kw-corv01-disc-653","сопровождение 1с организации","EXCLUDE_DUPLICATE","group_CORV-G01-05_tier_limit"
"kw-corv01-disc-654","сопровождение 1с erp","EXCLUDE_DUPLICATE","group_CORV-G01-05_tier_limit"
"kw-corv01-disc-655","сопровождение информационной системы 1с","EXCLUDE_DUPLICATE","group_CORV-G01-05_tier_limit"
"kw-corv01-disc-656","фирмы сопровождение 1с","EXCLUDE_DUPLICATE","group_CORV-G01-05_tier_limit"
"kw-corv01-disc-657","сопровождение 1с тарифы","EXCLUDE_DUPLICATE","group_CORV-G01-05_tier_limit"
"kw-corv01-disc-658","сопровождение программного обеспечения 1с","EXCLUDE_DUPLICATE","group_CORV-G01-05_tier_limit"
"kw-corv01-disc-659","сопровождение обновление 1с","EXCLUDE_DUPLICATE","group_CORV-G01-05_tier_limit"
"kw-corv01-disc-660","1с сопровождение разработка","EXCLUDE_DUPLICATE","group_CORV-G01-05_tier_limit"
"kw-corv01-disc-662","сопровождение 1с бухгалтерии 8","EXCLUDE_DUPLICATE","group_CORV-G01-05_tier_limit"
"kw-corv01-disc-663","сопровождение 1с предприятие 8.3","EXCLUDE_DUPLICATE","group_CORV-G01-05_tier_limit"
"kw-corv01-disc-664","сопровождение 1с кп","EXCLUDE_DUPLICATE","group_CORV-G01-05_tier_limit"
"kw-corv01-disc-665","1с настройка сопровождение","EXCLUDE_DUPLICATE","group_CORV-G01-05_tier_limit"
"kw-corv01-disc-666","раздельный учет при казначейском сопровождении в 1с","EXCLUDE_DUPLICATE","group_CORV-G01-05_tier_limit"
"kw-corv01-disc-667","корп сопровождение 1с","EXCLUDE_DUPLICATE","group_CORV-G01-05_tier_limit"
"kw-corv01-disc-668","услуги по сопровождению 1с 8","EXCLUDE_DUPLICATE","group_CORV-G01-05_tier_limit"
"kw-corv01-disc-669","1с адаптация и сопровождению","EXCLUDE_DUPLICATE","group_CORV-G01-05_tier_limit"
"kw-corv01-disc-670","сопровождение 1с зарплата","EXCLUDE_EMPLOYMENT","employment_signal"
"kw-corv01-disc-671","информационно технологическое сопровождение 1с предприятие","EXCLUDE_DUPLICATE","group_CORV-G01-05_tier_limit"
"kw-corv01-disc-672","сопровождение программы 1с предприятие","EXCLUDE_DUPLICATE","group_CORV-G01-05_tier_limit"
"kw-corv01-disc-673","казначейское сопровождение в 1с бухгалтерия","EXCLUDE_DUPLICATE","group_CORV-G01-05_tier_limit"
"kw-corv01-disc-674","1с сопровождение клиентов","EXCLUDE_DUPLICATE","group_CORV-G01-05_tier_limit"
"kw-corv01-disc-675","окпд услуги по сопровождению 1с","EXCLUDE_DUPLICATE","group_CORV-G01-05_tier_limit"
"kw-corv01-disc-676","сопровождение пп 1с","EXCLUDE_DUPLICATE","group_CORV-G01-05_tier_limit"
"kw-corv01-disc-677","час сопровождения 1с","EXCLUDE_DUPLICATE","group_CORV-G01-05_tier_limit"
"kw-corv01-disc-678","1с бухгалтерия сопровождение программного","EXCLUDE_DUPLICATE","group_CORV-G01-05_tier_limit"
"kw-corv01-disc-679","информационно техническое сопровождение 1с","EXCLUDE_DUPLICATE","group_CORV-G01-05_tier_limit"
"kw-corv01-disc-680","сопровождение 1с зуп","EXCLUDE_DUPLICATE","group_CORV-G01-05_tier_limit"
"kw-corv01-disc-681","услуги по техническому сопровождению 1с","EXCLUDE_DUPLICATE","group_CORV-G01-05_tier_limit"
"kw-corv01-disc-682","бухгалтерское сопровождение 1с","EXCLUDE_DUPLICATE","group_CORV-G01-05_tier_limit"
"kw-corv01-disc-683","условия сопровождения 1с","EXCLUDE_DUPLICATE","group_CORV-G01-05_tier_limit"
"kw-corv01-disc-684","оказание услуг по сопровождению 1с предприятие","EXCLUDE_DUPLICATE","group_CORV-G01-05_tier_limit"
"kw-corv01-disc-685","сопровождение 1с окпд2","EXCLUDE_DUPLICATE","group_CORV-G01-05_tier_limit"
"kw-corv01-disc-687","услуги по сопровождению 1с окпд 2","EXCLUDE_DUPLICATE","group_CORV-G01-05_tier_limit"
"kw-corv01-disc-688","сопровождение 1с вакансии","EXCLUDE_EMPLOYMENT","employment_signal"
"kw-corv01-disc-689","информационно технологическое сопровождение 1с итс","EXCLUDE_DUPLICATE","group_CORV-G01-05_tier_limit"
"kw-corv01-disc-690","сопровождение 1с комплексная","EXCLUDE_DUPLICATE","group_CORV-G01-05_tier_limit"
"kw-corv01-disc-691","отдел сопровождения 1с","EXCLUDE_DUPLICATE","group_CORV-G01-05_tier_limit"
"kw-corv01-disc-692","1с установка сопровождение","EXCLUDE_DUPLICATE","group_CORV-G01-05_tier_limit"
"kw-corv01-disc-693","окпд сопровождение программного продукта 1с","EXCLUDE_DUPLICATE","group_CORV-G01-05_tier_limit"
"kw-corv01-disc-694","сопровождение сайта 1с","EXCLUDE_DUPLICATE","group_CORV-G01-05_tier_limit"
"kw-corv01-disc-695","сопровождение 1с бухгалтерия государственного учреждения","EXCLUDE_DUPLICATE","group_CORV-G01-05_tier_limit"
"kw-corv01-disc-696","сопровождение 1с бгу","EXCLUDE_DUPLICATE","group_CORV-G01-05_tier_limit"
"kw-corv01-disc-697","сопровождение 1с бухгалтерия 8.3","EXCLUDE_DUPLICATE","group_CORV-G01-05_tier_limit"
"kw-corv01-disc-698","1с документооборот сопровождение","EXCLUDE_DUPLICATE","group_CORV-G01-05_tier_limit"
"kw-corv01-disc-699","договор сопровождения 1с итс","EXCLUDE_DUPLICATE","group_CORV-G01-05_tier_limit"
"kw-corv01-disc-700","1с продажа сопровождения","EXCLUDE_DUPLICATE","group_CORV-G01-05_tier_limit"
"kw-corv01-disc-701","рарус сопровождение 1с","EXCLUDE_DUPLICATE","group_CORV-G01-05_tier_limit"
"kw-corv01-disc-702","сопровождение 1с бюджет","EXCLUDE_DUPLICATE","group_CORV-G01-05_tier_limit"
"kw-corv01-disc-703","окпд 2 сопровождение программного продукта 1с","EXCLUDE_DUPLICATE","group_CORV-G01-05_tier_limit"
"kw-corv01-disc-704","окпд 2 сопровождение программы 1с","EXCLUDE_DUPLICATE","group_CORV-G01-05_tier_limit"
"kw-corv01-disc-705","информационно технологическое сопровождение 1с договор","EXCLUDE_DUPLICATE","group_CORV-G01-05_tier_limit"
"kw-corv01-disc-706","сопровождение и доработка 1с","EXCLUDE_DUPLICATE","group_CORV-G01-05_tier_limit"
"kw-corv01-disc-707","сопровождение 1с бизнес","EXCLUDE_DUPLICATE","group_CORV-G01-05_tier_limit"
"kw-corv01-disc-708","сопровождение 1с обучение","EXCLUDE_TRAINING","training_signal"
"kw-corv01-disc-709","1с бух сопровождение","EXCLUDE_DUPLICATE","group_CORV-G01-05_tier_limit"
"kw-corv01-disc-710","информационно технологическое сопровождение программы 1с","EXCLUDE_DUPLICATE","group_CORV-G01-05_tier_limit"
"kw-corv01-disc-711","сопровождение программы 1с бухгалтерия","EXCLUDE_DUPLICATE","group_CORV-G01-05_tier_limit"
"kw-corv01-disc-712","базы данных 1с сопровождение","EXCLUDE_DUPLICATE","group_CORV-G01-05_tier_limit"
"kw-corv01-disc-713","регулярное сопровождение 1с","EXCLUDE_DUPLICATE","group_CORV-G01-05_tier_limit"
"kw-corv01-disc-714","сопровождение 1с бухгалтерия государственного учреждения 8","EXCLUDE_DUPLICATE","group_CORV-G01-05_tier_limit"
"kw-corv01-disc-715","купить 1с сопровождение","EXCLUDE_DUPLICATE","group_CORV-G01-05_tier_limit"
"kw-corv01-disc-716","услуги по информационно технологическому сопровождению 1с","EXCLUDE_DUPLICATE","group_CORV-G01-05_tier_limit"
"kw-corv01-disc-718","1с менеджер по сопровождению","EXCLUDE_DUPLICATE","group_CORV-G01-05_tier_limit"
"kw-corv01-disc-719","1с автоматизация сопровождение","EXCLUDE_DUPLICATE","group_CORV-G01-05_tier_limit"
"kw-corv01-disc-720","сопровождение 1с итс проф","EXCLUDE_DUPLICATE","group_CORV-G01-05_tier_limit"
"kw-corv01-disc-721","удаленное сопровождение 1с","EXCLUDE_DUPLICATE","group_CORV-G01-05_tier_limit"
"kw-corv01-disc-722","1с итс специалист по сопровождению","EXCLUDE_DUPLICATE","group_CORV-G01-05_tier_limit"
"kw-corv01-disc-723","техническое сопровождение 1с предприятие","EXCLUDE_DUPLICATE","group_CORV-G01-05_tier_limit"
"kw-corv01-disc-724","окпд 2 сопровождение 1с предприятие","EXCLUDE_DUPLICATE","group_CORV-G01-05_tier_limit"
"kw-corv01-disc-725","сопровождение 1с предприятие цена","EXCLUDE_DUPLICATE","group_CORV-G01-05_tier_limit"
"kw-corv01-disc-726","сколько стоит сопровождение 1с","EXCLUDE_DUPLICATE","group_CORV-G01-05_tier_limit"
"kw-corv01-disc-727","корпоративное сопровождение 1с","EXCLUDE_DUPLICATE","group_CORV-G01-05_tier_limit"
"kw-corv01-disc-728","сопровождение 1с торговля","EXCLUDE_DUPLICATE","group_CORV-G01-05_tier_limit"
"kw-corv01-disc-729","стоимость часа сопровождения 1с","EXCLUDE_DUPLICATE","group_CORV-G01-05_tier_limit"
"kw-corv01-disc-730","курсы сопровождения 1с","EXCLUDE_DUPLICATE","group_CORV-G01-05_tier_limit"
"kw-corv01-disc-731","окпд сопровождение 1с бухгалтерия","EXCLUDE_DUPLICATE","group_CORV-G01-05_tier_limit"
"kw-corv01-disc-732","что входит в сопровождение 1с","EXCLUDE_DUPLICATE","group_CORV-G01-05_tier_limit"
"kw-corv01-disc-733","окпд 2 сопровождение 1с бухгалтерия","EXCLUDE_DUPLICATE","group_CORV-G01-05_tier_limit"
"kw-corv01-disc-734","казначейское сопровождение в 1с 8.3 бухгалтерия","EXCLUDE_DUPLICATE","group_CORV-G01-05_tier_limit"
"kw-corv01-disc-735","сопровождение 1с унф","EXCLUDE_DUPLICATE","group_CORV-G01-05_tier_limit"
"kw-corv01-disc-736","договор на сопровождение программных продуктов 1с","EXCLUDE_DUPLICATE","group_CORV-G01-05_tier_limit"
"kw-corv01-disc-737","сопровождение 1с зарплата и кадры","EXCLUDE_EMPLOYMENT","employment_signal"
"kw-corv01-disc-738","сопровождение 1с 8 3","EXCLUDE_DUPLICATE","group_CORV-G01-05_tier_limit"
"kw-corv01-disc-739","техническое задание на сопровождение 1с","EXCLUDE_DUPLICATE","group_CORV-G01-05_tier_limit"
"kw-corv01-disc-740","окпд 2 информационно технологическое сопровождение 1с","EXCLUDE_DUPLICATE","group_CORV-G01-05_tier_limit"
"kw-corv01-disc-741","коммерческое предложение по сопровождению 1с","EXCLUDE_DUPLICATE","group_CORV-G01-05_tier_limit"
"kw-corv01-disc-742","договор оказания услуг по сопровождению 1с","EXCLUDE_DUPLICATE","group_CORV-G01-05_tier_limit"
"kw-corv01-disc-743","сопровождение 1с смоленск","EXCLUDE_DUPLICATE","group_CORV-G01-05_tier_limit"
"kw-corv01-disc-744","условия сопровождения не выполнены 1с","EXCLUDE_DUPLICATE","group_CORV-G01-05_tier_limit"
"kw-corv01-disc-745","внедрение и сопровождение 1с предприятия","EXCLUDE_DUPLICATE","group_CORV-G01-05_tier_limit"
"kw-corv01-disc-746","сопровождение программ 1с итс","EXCLUDE_DUPLICATE","group_CORV-G01-05_tier_limit"
"kw-corv01-disc-747","сопровождение программных продуктов на платформе 1с","EXCLUDE_DUPLICATE","group_CORV-G01-05_tier_limit"
"kw-corv01-disc-748","стоимость услуг 1с сопровождения","EXCLUDE_DUPLICATE","group_CORV-G01-05_tier_limit"
"kw-corv01-disc-749","сопровождение 1с бухгалтерия цена","EXCLUDE_DUPLICATE","group_CORV-G01-05_tier_limit"
"kw-corv01-disc-750","внедрение и сопровождение продуктов 1с","EXCLUDE_DUPLICATE","group_CORV-G01-05_tier_limit"
"kw-corv01-disc-751","1с сопровождение ип","EXCLUDE_DUPLICATE","group_CORV-G01-05_tier_limit"
"kw-corv01-disc-752","итс сопровождение 1с цены","EXCLUDE_DUPLICATE","group_CORV-G01-05_tier_limit"
"kw-corv01-disc-753","сопровождение 1с стоимость 1","EXCLUDE_DUPLICATE","group_CORV-G01-05_tier_limit"
"kw-corv01-disc-754","сопровождение 1с стоимость 1 часа","EXCLUDE_DUPLICATE","group_CORV-G01-05_tier_limit"
"kw-corv01-disc-755","1с менеджер сопровождения корп","EXCLUDE_DUPLICATE","group_CORV-G01-05_tier_limit"
"kw-corv01-disc-756","оквэд сопровождение 1с","EXCLUDE_DUPLICATE","group_CORV-G01-05_tier_limit"
"kw-corv01-disc-757","1с сопровождение трактир","EXCLUDE_DUPLICATE","group_CORV-G01-05_tier_limit"
"kw-corv01-disc-758","1с сопровождение бюджетное учреждение","EXCLUDE_DUPLICATE","group_CORV-G01-05_tier_limit"
"kw-corv01-disc-759","сопровождение 1с проводки","EXCLUDE_DUPLICATE","group_CORV-G01-05_tier_limit"
"kw-corv01-disc-760","договор по сопровождению программ 1с","EXCLUDE_DUPLICATE","group_CORV-G01-05_tier_limit"
"kw-corv01-disc-761","1с сопровождение москва","EXCLUDE_GEO_IRRELEVANT","foreign_geo"
"kw-corv01-disc-762","сопровождение 1с розница","EXCLUDE_DUPLICATE","group_CORV-G01-05_tier_limit"
"kw-corv01-disc-763","договор сопровождения 1с образец","EXCLUDE_DUPLICATE","group_CORV-G01-05_tier_limit"
"kw-corv01-disc-764","сопровождение 1с ростов","EXCLUDE_DUPLICATE","group_CORV-G01-05_tier_limit"
"kw-corv01-disc-765","сопровождение 1с предприятие 8.3 цена","EXCLUDE_DUPLICATE","group_CORV-G01-05_tier_limit"
"kw-corv01-disc-766","окпд 2 информационно технологическое сопровождение программ 1с","EXCLUDE_DUPLICATE","group_CORV-G01-05_tier_limit"
"kw-corv01-disc-767","1с комплексное сопровождение эдо","EXCLUDE_DUPLICATE","group_CORV-G01-05_tier_limit"
"kw-corv01-disc-768","косгу сопровождение 1с","EXCLUDE_DUPLICATE","group_CORV-G01-05_tier_limit"
"kw-corv01-disc-769","проверка договора сопровождения 1с","EXCLUDE_DUPLICATE","group_CORV-G01-05_tier_limit"
"kw-corv01-disc-770","программное сопровождение конфигураций 1с","EXCLUDE_DUPLICATE","group_CORV-G01-05_tier_limit"
"kw-corv01-disc-771","техническое задание на сопровождение 1с erp","EXCLUDE_DUPLICATE","group_CORV-G01-05_tier_limit"
"kw-corv01-disc-772","услуги сопровождения 1с цена","EXCLUDE_DUPLICATE","group_CORV-G01-05_tier_limit"
"kw-corv01-disc-773","сопровождение и поддержка 1с в красноярске","EXCLUDE_DUPLICATE","group_CORV-G01-05_tier_limit"
"kw-corv01-disc-774","асп центр сопровождения 1с екатеринбург вакансии","EXCLUDE_EMPLOYMENT","employment_signal"
"kw-corv01-disc-775","услуги сопровождение 1с систем купить","EXCLUDE_DUPLICATE","group_CORV-G01-05_tier_limit"
"kw-corv01-disc-776","1с коннект специалист сопровождения сертификат","EXCLUDE_DUPLICATE","group_CORV-G01-05_tier_limit"
"kw-corv01-disc-777","сопровождение 1с фреш унф","EXCLUDE_DUPLICATE","group_CORV-G01-05_tier_limit"
"kw-corv01-disc-778","закупка доработка и сопровождение 1с трактир","EXCLUDE_DUPLICATE","group_CORV-G01-05_tier_limit"
"kw-corv01-disc-779","1с сопровождение в улан удэ","EXCLUDE_DUPLICATE","group_CORV-G01-05_tier_limit"
"kw-corv01-disc-781","компании 1с сопровождения сайт дитрикс","EXCLUDE_DUPLICATE","group_CORV-G01-05_tier_limit"
"kw-corv01-disc-782","сопровождение 1с новосибирск","EXCLUDE_DUPLICATE","group_CORV-G01-05_tier_limit"
"kw-corv01-disc-812","доработка 1с предприятия","EXCLUDE_DUPLICATE","group_CORV-G02-01_tier_limit"
"kw-corv01-disc-813","тз на доработку 1с","EXCLUDE_DUPLICATE","group_CORV-G02-01_tier_limit"
"kw-corv01-disc-815","1с доработка печатной формы","DEFER_AMBIGUOUS","no_group_match"
"kw-corv01-disc-816","1с диадок доработка","EXCLUDE_DUPLICATE","group_CORV-G02-01_tier_limit"
"kw-corv01-disc-817","задания на доработку 1с","EXCLUDE_DUPLICATE","group_CORV-G02-01_tier_limit"
"kw-corv01-disc-818","доработка функционала 1с","EXCLUDE_DUPLICATE","group_CORV-G02-01_tier_limit"
"kw-corv01-disc-819","техническое задание на доработку 1с","EXCLUDE_DUPLICATE","group_CORV-G02-01_tier_limit"
"kw-corv01-disc-820","доработка внедрение 1с","EXCLUDE_DUPLICATE","group_CORV-G02-01_tier_limit"
"kw-corv01-disc-821","1с эдо доработка","EXCLUDE_DUPLICATE","group_CORV-G02-01_tier_limit"
"kw-corv01-disc-822","доработка 1с 8","EXCLUDE_DUPLICATE","group_CORV-G02-01_tier_limit"
"kw-corv01-disc-823","1с кабинет сотрудника доработка","EXCLUDE_DUPLICATE","group_CORV-G02-01_tier_limit"
"kw-corv01-disc-824","доработка 1с битрикс","EXCLUDE_DUPLICATE","group_CORV-G02-01_tier_limit"
"kw-corv01-disc-825","список доработок 1с","EXCLUDE_DUPLICATE","group_CORV-G02-01_tier_limit"
"kw-corv01-disc-826","готовые доработки 1с","EXCLUDE_DUPLICATE","group_CORV-G02-01_tier_limit"
"kw-corv01-disc-827","1с заказы доработка","EXCLUDE_DUPLICATE","group_CORV-G02-01_tier_limit"
"kw-corv01-disc-828","поддержка и доработка 1с","EXCLUDE_DUPLICATE","group_CORV-G02-01_tier_limit"
"kw-corv01-disc-829","доработка 1с нма","EXCLUDE_DUPLICATE","group_CORV-G02-01_tier_limit"
"kw-corv01-disc-830","доработка 1с торговля","EXCLUDE_DUPLICATE","group_CORV-G02-01_tier_limit"
"kw-corv01-disc-831","как учесть доработку 1с","EXCLUDE_DUPLICATE","group_CORV-G02-01_tier_limit"
"kw-corv01-disc-833","доработка обмена через универсальный формат 1с","EXCLUDE_DUPLICATE","group_CORV-G02-01_tier_limit"
"kw-corv01-disc-834","продажа доработок 1с","EXCLUDE_DUPLICATE","group_CORV-G02-01_tier_limit"
"kw-corv01-disc-835","доработка продуктов 1с","EXCLUDE_DUPLICATE","group_CORV-G02-01_tier_limit"
"kw-corv01-disc-836","техническое задание на доработку 1с пример","EXCLUDE_DUPLICATE","group_CORV-G02-01_tier_limit"
"kw-corv01-disc-837","1с доработка синхронизации","EXCLUDE_DUPLICATE","group_CORV-G02-01_tier_limit"
"kw-corv01-disc-838","1с доработка программного обеспечения","EXCLUDE_DUPLICATE","group_CORV-G02-01_tier_limit"
"kw-corv01-disc-839","доработка сайта на 1с","EXCLUDE_DUPLICATE","group_CORV-G02-01_tier_limit"
"kw-corv01-disc-840","доработка 1с бухгалтерский учет","EXCLUDE_DUPLICATE","group_CORV-G02-01_tier_limit"
"kw-corv01-disc-841","пример тз на доработку 1с","EXCLUDE_DUPLICATE","group_CORV-G02-01_tier_limit"
"kw-corv01-disc-842","доработка сайта на 1с битрикс","EXCLUDE_DUPLICATE","group_CORV-G02-01_tier_limit"
"kw-corv01-disc-843","доработки 1с управление торговлей","EXCLUDE_DUPLICATE","group_CORV-G02-01_tier_limit"
"kw-corv01-disc-844","1с доработки липецк","EXCLUDE_DUPLICATE","group_CORV-G02-01_tier_limit"
"kw-corv01-disc-846","сценарий тестирования методология 1с для тестирования доработок","EXCLUDE_DUPLICATE","group_CORV-G02-01_tier_limit"
"kw-corv01-disc-847","доработки для работы 1с","EXCLUDE_DUPLICATE","group_CORV-G02-01_tier_limit"
"kw-corv01-disc-849","доработка чека 1с","EXCLUDE_DUPLICATE","group_CORV-G02-01_tier_limit"
"kw-corv01-disc-850","сидение с амортизатором для куго 1с доработка","EXCLUDE_DUPLICATE","group_CORV-G02-01_tier_limit"
"kw-corv01-disc-851","1с доработка планов обмена","EXCLUDE_DUPLICATE","group_CORV-G02-01_tier_limit"
"kw-corv01-disc-852","счет от самозанятого на доработку 1с","EXCLUDE_DUPLICATE","group_CORV-G02-01_tier_limit"
"kw-corv01-disc-854","служебка на доработку программы 1с","EXCLUDE_DUPLICATE","group_CORV-G02-01_tier_limit"
"kw-corv01-disc-855","0504402 доработка скачать для 1с згу","EXCLUDE_DOWNLOAD","download_signal"
"kw-corv01-disc-856","1с мастер доработка и обслуживание","EXCLUDE_DUPLICATE","group_CORV-G02-01_tier_limit"
"kw-corv01-disc-857","доработка 1с 7.7 минск","EXCLUDE_DUPLICATE","group_CORV-G02-01_tier_limit"
"kw-corv01-disc-858","как найти доработки в 1с","EXCLUDE_DUPLICATE","group_CORV-G02-01_tier_limit"
"kw-corv01-disc-859","доработка документа через бсп 1с","EXCLUDE_DUPLICATE","group_CORV-G02-01_tier_limit"
"kw-corv01-disc-864","как настроить интеграцию 1с с сайтом","EXCLUDE_INFORMATIONAL","informational_diy_pattern"
"kw-corv01-disc-887","интеграция 1с документооборот и битрикс 24","EXCLUDE_DUPLICATE","group_CORV-G05-02_tier_limit"
"kw-corv01-disc-888","скачать 1с битрикс интеграция","EXCLUDE_DOWNLOAD","download_signal"
"kw-corv01-disc-889","интеграция 1с унф и битрикс 24","EXCLUDE_DUPLICATE","group_CORV-G05-02_tier_limit"
"kw-corv01-disc-890","интеграция сбис и 1с битрикс","EXCLUDE_DUPLICATE","group_CORV-G05-02_tier_limit"
"kw-corv01-disc-891","битрикс интеграция с 1с инструкция","EXCLUDE_DUPLICATE","group_CORV-G05-02_tier_limit"
"kw-corv01-disc-892","интеграция 1с erp и битрикс 24","EXCLUDE_DUPLICATE","group_CORV-G05-02_tier_limit"
"kw-corv01-disc-893","битрикс 24 настройка интеграции 1с","EXCLUDE_DUPLICATE","group_CORV-G05-02_tier_limit"
"kw-corv01-disc-894","интеграция битрикс 24 и 1с бухгалтерия видео","EXCLUDE_DUPLICATE","group_CORV-G05-02_tier_limit"
"kw-corv01-disc-895","интеграция честного знака и сайта 1с битрикс","EXCLUDE_DUPLICATE","group_CORV-G05-02_tier_limit"
"kw-corv01-disc-896","интеграция битрикс 24 и 1с ут","EXCLUDE_DUPLICATE","group_CORV-G05-02_tier_limit"
"kw-corv01-disc-897","код маркировки в 1с","DEFER_AMBIGUOUS","no_group_match"
"kw-corv01-disc-898","маркировка товаров в 1с","DEFER_AMBIGUOUS","no_group_match"
"kw-corv01-disc-900","маркировка в 1с ут","DEFER_AMBIGUOUS","no_group_match"
"kw-corv01-disc-901","маркировка в 1с бухгалтерия","DEFER_AMBIGUOUS","no_group_match"
"kw-corv01-disc-902","маркировка в 1с розница","DEFER_AMBIGUOUS","no_group_match"
"kw-corv01-disc-904","проверка маркировки в 1с","DEFER_AMBIGUOUS","no_group_match"
"kw-corv01-disc-906","маркировка в 1с унф","DEFER_AMBIGUOUS","no_group_match"
"kw-corv01-disc-907","проверка кодов маркировки в 1с","DEFER_AMBIGUOUS","no_group_match"
"kw-corv01-disc-908","маркировка номенклатуры в 1с","DEFER_AMBIGUOUS","no_group_match"
"kw-corv01-disc-909","как добавить маркировку в 1с","DEFER_AMBIGUOUS","no_group_match"
"kw-corv01-disc-910","вид маркировки в 1с","DEFER_AMBIGUOUS","no_group_match"
"kw-corv01-disc-911","как загрузить маркировку в 1с","DEFER_AMBIGUOUS","no_group_match"
"kw-corv01-disc-912","коды маркировки в упд 1с","DEFER_AMBIGUOUS","no_group_match"
"kw-corv01-disc-913","маркировка продукции в 1с","DEFER_AMBIGUOUS","no_group_match"
"kw-corv01-disc-915","коды маркировки в 1с бухгалтерия","DEFER_AMBIGUOUS","no_group_match"
"kw-corv01-disc-916","маркировка в 1с эдо","DEFER_AMBIGUOUS","no_group_match"
"kw-corv01-disc-917","маркировка остатков в 1с","DEFER_AMBIGUOUS","no_group_match"
"kw-corv01-disc-918","как загрузить коды маркировки в 1с","DEFER_AMBIGUOUS","no_group_match"
"kw-corv01-disc-919","работа с маркировкой в 1с","DEFER_AMBIGUOUS","no_group_match"
"kw-corv01-disc-921","маркировка товаров в 1с ут","DEFER_AMBIGUOUS","no_group_match"
"kw-corv01-disc-923","маркировка в 1с erp","DEFER_AMBIGUOUS","no_group_match"
"kw-corv01-disc-924","маркировка в 1с 8.3","DEFER_AMBIGUOUS","no_group_match"
"kw-corv01-disc-925","маркировка в 1с ут 11.5","DEFER_AMBIGUOUS","no_group_match"
"kw-corv01-disc-926","заказ кодов маркировки в 1с","DEFER_AMBIGUOUS","no_group_match"
"kw-corv01-disc-927","маркировка в 1с торговля","DEFER_AMBIGUOUS","no_group_match"
"kw-corv01-disc-928","контур маркировка в 1с","DEFER_AMBIGUOUS","no_group_match"
"kw-corv01-disc-929","учет маркировки в 1с","DEFER_AMBIGUOUS","no_group_match"
"kw-corv01-disc-930","маркировка масел в 1с","DEFER_AMBIGUOUS","no_group_match"
"kw-corv01-disc-931","упд с маркировкой в 1с","DEFER_AMBIGUOUS","no_group_match"
"kw-corv01-disc-932","маркировка чз в 1с","DEFER_AMBIGUOUS","no_group_match"
"kw-corv01-disc-933","эмиссия кодов маркировки в 1с","DEFER_AMBIGUOUS","no_group_match"
"kw-corv01-disc-934","маркировка в 1с ут 11","DEFER_AMBIGUOUS","no_group_match"
"kw-corv01-disc-935","как ввести маркировку в 1с","DEFER_AMBIGUOUS","no_group_match"
"kw-corv01-disc-936","как добавить коды маркировки в 1с","DEFER_AMBIGUOUS","no_group_match"
"kw-corv01-disc-937","загрузка маркировки в 1с","DEFER_AMBIGUOUS","no_group_match"
"kw-corv01-disc-938","1с ввод в оборот кодов маркировки","DEFER_AMBIGUOUS","no_group_match"
"kw-corv01-disc-939","1с маркировка в чеке","DEFER_AMBIGUOUS","no_group_match"
"kw-corv01-disc-940","агрегация в 1с маркировка","DEFER_AMBIGUOUS","no_group_match"
"kw-corv01-disc-941","сбис маркировка в 1с","DEFER_AMBIGUOUS","no_group_match"
"kw-corv01-disc-942","маркировка товаров в 1с бухгалтерия","DEFER_AMBIGUOUS","no_group_match"
"kw-corv01-disc-943","1с криптохвост в маркировке","DEFER_AMBIGUOUS","no_group_match"
"kw-corv01-disc-944","маркировка в программах 1с","DEFER_AMBIGUOUS","no_group_match"
"kw-corv01-disc-945","как проверить маркировку в 1с","DEFER_AMBIGUOUS","no_group_match"
"kw-corv01-disc-946","как ввести коды маркировки в 1с","DEFER_AMBIGUOUS","no_group_match"