"group_id","phrase"
"CORV-G08-01","интеграц"
"CORV-G08-01","маркировка"
"CORV-G08-01","честный знак"
"CORV-G08-01","вакансия"
"CORV-G08-01","курсы"
"CORV-G08-01","маркировка пива"
"CORV-G08-01","маркировка воды"
"CORV-G08-01","лекарства маркировка"
"CORV-G08-01","автозапчасти маркировка"
"CORV-G08-01","программист"
"CORV-G08-01","доработка"
"CORV-G08-02","настрой"
"CORV-G08-02","маркировка"
"CORV-G08-02","пиот настрой"
"CORV-G08-02","вакансия"
"CORV-G08-02","курсы"
"CORV-G08-02","маркировка пива"
"CORV-G08-02","маркировка воды"
"CORV-G08-02","лекарства маркировка"
"CORV-G08-02","автозапчасти маркировка"
"CORV-G08-02","программист"
"CORV-G08-02","доработка"
"CORV-G06-05","вода"
"CORV-G06-05","лекарств"
"CORV-G06-05","косметик"
"CORV-G06-05","автозапчаст"
"CORV-G06-05","масл"
"CORV-G06-05","алкогол"
"CORV-G06-05","программист вакансия"
"CORV-G06-05","доработка 1с"
"CORV-G06-05","сопровождение абонент"
"CORV-G06-05","битрикс"
"CORV-G06-05","интеграция сайт"
"CORV-G06-05","отчет"
"CORV-G06-05","печатная форма"
"CORV-G06-05","не работает 1с"
"CORV-G06-05","тс пиот"
"CORV-G06-05","как настроить"
"CORV-G06-05","как сделать"
"CORV-G06-05","подлежит маркировке"
"CORV-G06-05","сроки маркировки"
"CORV-G06-05","список маркируемых"
"CORV-G06-06","пив"
"CORV-G06-06","алкогол"
"CORV-G06-06","лекарств"
"CORV-G06-06","косметик"
"CORV-G06-06","автозапчаст"
"CORV-G06-06","программист вакансия"
"CORV-G06-06","доработка 1с"
"CORV-G06-06","сопровождение абонент"
"CORV-G06-06","битрикс"
"CORV-G06-06","интеграция сайт"
"CORV-G06-06","отчет"
"CORV-G06-06","печатная форма"
"CORV-G06-06","не работает 1с"
"CORV-G06-06","тс пиот"
"CORV-G06-06","как настроить"
"CORV-G06-06","как сделать"
"CORV-G06-06","подлежит маркировке"
"CORV-G06-06","сроки маркировки"
"CORV-G06-06","список маркируемых"
"CORV-G06-07","пив"
"CORV-G06-07","вода"
"CORV-G06-07","лекарств"
"CORV-G06-07","автозапчаст"
"CORV-G06-07","масл"
"CORV-G06-07","программист вакансия"
"CORV-G06-07","доработка 1с"
"CORV-G06-07","сопровождение абонент"
"CORV-G06-07","битрикс"
"CORV-G06-07","интеграция сайт"
"CORV-G06-07","отчет"
"CORV-G06-07","печатная форма"
"CORV-G06-07","не работает 1с"
"CORV-G06-07","тс пиот"
"CORV-G06-07","как настроить"
"CORV-G06-07","как сделать"
"CORV-G06-07","подлежит маркировке"
"CORV-G06-07","сроки маркировки"
"CORV-G06-07","список маркируемых"
"CORV-G06-08","пив"
"CORV-G06-08","вода"
"CORV-G06-08","косметик"
"CORV-G06-08","автозапчаст"
"CORV-G06-08","подлежит"
"CORV-G06-08","сроки"
"CORV-G06-08","как настроить"
"CORV-G06-08","программист вакансия"
"CORV-G06-08","доработка 1с"
"CORV-G06-08","сопровождение абонент"
"CORV-G06-08","битрикс"
"CORV-G06-08","интеграция сайт"
"CORV-G06-08","отчет"
"CORV-G06-08","печатная форма"
"CORV-G06-08","не работает 1с"
"CORV-G06-08","тс пиот"
"CORV-G06-08","как сделать"
"CORV-G06-08","подлежит маркировке"
"CORV-G06-08","сроки маркировки"
"CORV-G06-08","список маркируемых"
"CORV-G06-09","пив"
"CORV-G06-09","вода"
"CORV-G06-09","лекарств"
"CORV-G06-09","косметик"
"CORV-G06-09","программист вакансия"
"CORV-G06-09","доработка 1с"
"CORV-G06-09","сопровождение абонент"
"CORV-G06-09","битрикс"
"CORV-G06-09","интеграция сайт"
"CORV-G06-09","отчет"
"CORV-G06-09","печатная форма"
"CORV-G06-09","не работает 1с"
"CORV-G06-09","тс пиот"
"CORV-G06-09","как настроить"
"CORV-G06-09","как сделать"
"CORV-G06-09","подлежит маркировке"
"CORV-G06-09","сроки маркировки"
"CORV-G06-09","список маркируемых"
"CORV-G06-10","лекарств"
"CORV-G06-10","пив"
"CORV-G06-10","вода"
"CORV-G06-10","косметик"
"CORV-G06-10","подлежит"
"CORV-G06-10","сроки"
"CORV-G06-10","какие"
"CORV-G06-10","программист вакансия"
"CORV-G06-10","доработка 1с"
"CORV-G06-10","сопровождение абонент"
"CORV-G06-10","битрикс"
"CORV-G06-10","интеграция сайт"
"CORV-G06-10","отчет"
"CORV-G06-10","печатная форма"
"CORV-G06-10","не работает 1с"
"CORV-G06-10","тс пиот"
"CORV-G06-10","как настроить"
"CORV-G06-10","как сделать"
"CORV-G06-10","подлежит маркировке"
"CORV-G06-10","сроки маркировки"
"CORV-G06-10","список маркируемых"
"CORV-G06-11","пив"
"CORV-G06-11","вода"
"CORV-G06-11","лекарств"
"CORV-G06-11","автозапчаст"
"CORV-G06-11","программист вакансия"
"CORV-G06-11","доработка 1с"
"CORV-G06-11","сопровождение абонент"
"CORV-G06-11","битрикс"
"CORV-G06-11","интеграция сайт"
"CORV-G06-11","отчет"
"CORV-G06-11","печатная форма"
"CORV-G06-11","не работает 1с"
"CORV-G06-11","тс пиот"
"CORV-G06-11","как настроить"
"CORV-G06-11","как сделать"
"CORV-G06-11","подлежит маркировке"
"CORV-G06-11","сроки маркировки"
"CORV-G06-11","список маркируемых"
"CORV-G06-12","пив"
"CORV-G06-12","вода"
"CORV-G06-12","лекарств"
"CORV-G06-12","косметик"
"CORV-G06-12","программист вакансия"
"CORV-G06-12","доработка 1с"
"CORV-G06-12","сопровождение абонент"
"CORV-G06-12","битрикс"
"CORV-G06-12","интеграция сайт"
"CORV-G06-12","отчет"
"CORV-G06-12","печатная форма"
"CORV-G06-12","не работает 1с"
"CORV-G06-12","тс пиот"
"CORV-G06-12","как настроить"
"CORV-G06-12","как сделать"
"CORV-G06-12","подлежит маркировке"
"CORV-G06-12","сроки маркировки"
"CORV-G06-12","список маркируемых"
"CORV-G06-13","пив"
"CORV-G06-13","вода"
"CORV-G06-13","лекарств"
"CORV-G06-13","косметик"
"CORV-G06-13","программист вакансия"
"CORV-G06-13","доработка 1с"
"CORV-G06-13","сопровождение абонент"
"CORV-G06-13","битрикс"
"CORV-G06-13","интеграция сайт"
"CORV-G06-13","отчет"
"CORV-G06-13","печатная форма"
"CORV-G06-13","не работает 1с"
"CORV-G06-13","тс пиот"
"CORV-G06-13","как настроить"
"CORV-G06-13","как сделать"
"CORV-G06-13","подлежит маркировке"
"CORV-G06-13","сроки маркировки"
"CORV-G06-13","список маркируемых"
"CORV-G06-03","доработка"
"CORV-G06-03","программист"
"CORV-G06-03","отчет"
"CORV-G06-03","пив"
"CORV-G06-03","вода"
"CORV-G06-03","подключ"
"CORV-G06-03","программист вакансия"
"CORV-G06-03","доработка 1с"
"CORV-G06-03","сопровождение абонент"
"CORV-G06-03","битрикс"
"CORV-G06-03","интеграция сайт"
"CORV-G06-03","печатная форма"
"CORV-G06-03","не работает 1с"
"CORV-G06-03","тс пиот"
"CORV-G06-03","как настроить"
"CORV-G06-03","как сделать"
"CORV-G06-03","подлежит маркировке"
"CORV-G06-03","сроки маркировки"
"CORV-G06-03","список маркируемых"
"CORV-G06-04","подключ"
"CORV-G06-04","настрой"
"CORV-G06-04","пив"
"CORV-G06-04","вода"
"CORV-G06-04","лекарств"
"CORV-G06-04","программист вакансия"
"CORV-G06-04","доработка 1с"
"CORV-G06-04","сопровождение абонент"
"CORV-G06-04","битрикс"
"CORV-G06-04","интеграция сайт"
"CORV-G06-04","отчет"
"CORV-G06-04","печатная форма"
"CORV-G06-04","не работает 1с"
"CORV-G06-04","тс пиот"
"CORV-G06-04","как настроить"
"CORV-G06-04","как сделать"
"CORV-G06-04","подлежит маркировке"
"CORV-G06-04","сроки маркировки"
"CORV-G06-04","список маркируемых"
"CORV-G06-01","честный знак"
"CORV-G06-01","пив"
"CORV-G06-01","вода"
"CORV-G06-01","лекарств"
"CORV-G06-01","косметик"
"CORV-G06-01","автозапчаст"
"CORV-G06-01","ошибк"
"CORV-G06-01","программист вакансия"
"CORV-G06-01","доработка 1с"
"CORV-G06-01","сопровождение абонент"
"CORV-G06-01","битрикс"
"CORV-G06-01","интеграция сайт"
"CORV-G06-01","отчет"
"CORV-G06-01","печатная форма"
"CORV-G06-01","не работает 1с"
"CORV-G06-01","тс пиот"
"CORV-G06-01","как настроить"
"CORV-G06-01","как сделать"
"CORV-G06-01","подлежит маркировке"
"CORV-G06-01","сроки маркировки"
"CORV-G06-01","список маркируемых"
"CORV-G06-02","честный знак"
"CORV-G06-02","пив"
"CORV-G06-02","вода"
"CORV-G06-02","лекарств"
"CORV-G06-02","подключ"
"CORV-G06-02","программист вакансия"
"CORV-G06-02","доработка 1с"
"CORV-G06-02","сопровождение абонент"
"CORV-G06-02","битрикс"
"CORV-G06-02","интеграция сайт"
"CORV-G06-02","отчет"
"CORV-G06-02","печатная форма"
"CORV-G06-02","не работает 1с"
"CORV-G06-02","тс пиот"
"CORV-G06-02","как настроить"
"CORV-G06-02","как сделать"
"CORV-G06-02","подлежит маркировке"
"CORV-G06-02","сроки маркировки"
"CORV-G06-02","список маркируемых"
"CORV-G07-03","ошибка после обновления"
"CORV-G07-03","восстановлен"
"CORV-G07-03","запуска"
"CORV-G07-03","вакансия"
"CORV-G07-03","работа программист"
"CORV-G07-03","курсы"
"CORV-G07-03","маркировка"
"CORV-G07-03","битрикс"
"CORV-G07-03","доработка"
"CORV-G07-03","внедрение"
"CORV-G07-03","сопровождение"
"CORV-G07-03","как настроить"
"CORV-G07-03","инструкция"
"CORV-G07-02","не работает"
"CORV-G07-02","обмен"
"CORV-G07-02","синхронизация"
"CORV-G07-02","восстановлен"
"CORV-G07-02","вакансия"
"CORV-G07-02","работа программист"
"CORV-G07-02","курсы"
"CORV-G07-02","маркировка"
"CORV-G07-02","битрикс"
"CORV-G07-02","доработка"
"CORV-G07-02","внедрение"
"CORV-G07-02","сопровождение"
"CORV-G07-02","как настроить"
"CORV-G07-02","инструкция"
"CORV-G07-04","не работает"
"CORV-G07-04","обмен"
"CORV-G07-04","ошибка"
"CORV-G07-04","синхронизация"
"CORV-G07-04","вакансия"
"CORV-G07-04","работа программист"
"CORV-G07-04","курсы"
"CORV-G07-04","маркировка"
"CORV-G07-04","битрикс"
"CORV-G07-04","доработка"
"CORV-G07-04","внедрение"
"CORV-G07-04","сопровождение"
"CORV-G07-04","как настроить"
"CORV-G07-04","инструкция"
"CORV-G07-01","ошибка"
"CORV-G07-01","обмен"
"CORV-G07-01","синхронизация"
"CORV-G07-01","восстановлен"
"CORV-G07-01","после обновлен"
"CORV-G07-01","вакансия"
"CORV-G07-01","работа программист"
"CORV-G07-01","курсы"
"CORV-G07-01","маркировка"
"CORV-G07-01","битрикс"
"CORV-G07-01","доработка"
"CORV-G07-01","внедрение"
"CORV-G07-01","сопровождение"
"CORV-G07-01","как настроить"
"CORV-G07-01","инструкция"
"CORV-G05-02","касса"
"CORV-G05-02","маркировка"
"CORV-G05-02","обмен"
"CORV-G05-02","перенос"
"CORV-G05-02","честный знак"
"CORV-G05-02","вакансия программист"
"CORV-G05-02","доработка отчета"
"CORV-G05-02","не работает"
"CORV-G05-02","сопровождение"
"CORV-G05-02","программист услуги"
"CORV-G05-01","битрикс"
"CORV-G05-01","касса"
"CORV-G05-01","маркировка"
"CORV-G05-01","перенос данных"
"CORV-G05-01","честный знак"
"CORV-G05-01","вакансия программист"
"CORV-G05-01","доработка отчета"
"CORV-G05-01","не работает"
"CORV-G05-01","сопровождение"
"CORV-G05-01","программист услуги"
"CORV-G05-03","сайт"
"CORV-G05-03","битрикс"
"CORV-G05-03","маркировка"
"CORV-G05-03","перенос"
"CORV-G05-03","честный знак"
"CORV-G05-03","вакансия программист"
"CORV-G05-03","доработка отчета"
"CORV-G05-03","не работает"
"CORV-G05-03","сопровождение"
"CORV-G05-03","программист услуги"
"CORV-G05-06","синхронизация"
"CORV-G05-06","обмен"
"CORV-G05-06","сайт"
"CORV-G05-06","битрикс"
"CORV-G05-06","касса"
"CORV-G05-06","маркировка"
"CORV-G05-06","честный знак"
"CORV-G05-06","вакансия программист"
"CORV-G05-06","доработка отчета"
"CORV-G05-06","не работает"
"CORV-G05-06","сопровождение"
"CORV-G05-06","программист услуги"
"CORV-G05-04","сайт"
"CORV-G05-04","битрикс"
"CORV-G05-04","перенос данных"
"CORV-G05-04","касса"
"CORV-G05-04","настройк обмен"
"CORV-G05-04","маркировка"
"CORV-G05-04","честный знак"
"CORV-G05-04","вакансия программист"
"CORV-G05-04","доработка отчета"
"CORV-G05-04","не работает"
"CORV-G05-04","сопровождение"
"CORV-G05-04","программист услуги"
"CORV-G05-05","сайт"
"CORV-G05-05","битрикс"
"CORV-G05-05","касса"
"CORV-G05-05","перенос"
"CORV-G05-05","маркировка"
"CORV-G05-05","честный знак"
"CORV-G05-05","вакансия программист"
"CORV-G05-05","доработка отчета"
"CORV-G05-05","не работает"
"CORV-G05-05","сопровождение"
"CORV-G05-05","программист услуги"
"CORV-G04-01","закупок"
"CORV-G04-01","планирован"
"CORV-G04-01","календар"
"CORV-G04-01","платеж"
"CORV-G04-01","маркировка"
"CORV-G04-01","честный знак"
"CORV-G04-01","вакансия"
"CORV-G04-01","курсы"
"CORV-G04-01","битрикс"
"CORV-G04-01","программист"
"CORV-G04-01","доработка"
"CORV-G04-01","не работает"
"CORV-G04-02","себестоим"
"CORV-G04-02","календар"
"CORV-G04-02","платеж"
"CORV-G04-02","маркировка"
"CORV-G04-02","честный знак"
"CORV-G04-02","вакансия"
"CORV-G04-02","курсы"
"CORV-G04-02","битрикс"
"CORV-G04-02","программист"
"CORV-G04-02","доработка"
"CORV-G04-02","не работает"
"CORV-G04-03","себестоим"
"CORV-G04-03","закупок"
"CORV-G04-03","планирован"
"CORV-G04-03","маркировка"
"CORV-G04-03","честный знак"
"CORV-G04-03","вакансия"
"CORV-G04-03","курсы"
"CORV-G04-03","битрикс"
"CORV-G04-03","программист"
"CORV-G04-03","доработка"
"CORV-G04-03","не работает"
"CORV-G03-04","отчет"
"CORV-G03-04","рмк"
"CORV-G03-04","маркировка"
"CORV-G03-04","создан"
"CORV-G03-04","честный знак"
"CORV-G03-04","программист вакансия"
"CORV-G03-04","битрикс"
"CORV-G03-04","не работает"
"CORV-G03-04","доработка базы"
"CORV-G03-04","сопровождение"
"CORV-G03-04","интеграция"
"CORV-G03-06","отчет"
"CORV-G03-06","печатная форма"
"CORV-G03-06","маркировка"
"CORV-G03-06","внешн"
"CORV-G03-06","касса"
"CORV-G03-06","честный знак"
"CORV-G03-06","программист вакансия"
"CORV-G03-06","битрикс"
"CORV-G03-06","не работает"
"CORV-G03-06","доработка базы"
"CORV-G03-06","сопровождение"
"CORV-G03-06","интеграция"
"CORV-G03-05","рмк"
"CORV-G03-05","маркировка"
"CORV-G03-05","честный знак"
"CORV-G03-05","программист вакансия"
"CORV-G03-05","битрикс"
"CORV-G03-05","не работает"
"CORV-G03-05","доработка базы"
"CORV-G03-05","сопровождение"
"CORV-G03-05","интеграция"
"CORV-G03-02","печатная форма"
"CORV-G03-02","доработк"
"CORV-G03-02","внешн"
"CORV-G03-02","маркировка"
"CORV-G03-02","рмк"
"CORV-G03-02","честный знак"
"CORV-G03-02","программист вакансия"
"CORV-G03-02","битрикс"
"CORV-G03-02","не работает"
"CORV-G03-02","доработка базы"
"CORV-G03-02","сопровождение"
"CORV-G03-02","интеграция"
"CORV-G03-01","печатная форма"
"CORV-G03-01","внешн"
"CORV-G03-01","создан"
"CORV-G03-01","маркировка"
"CORV-G03-01","рмк"
"CORV-G03-01","честный знак"
"CORV-G03-01","программист вакансия"
"CORV-G03-01","битрикс"
"CORV-G03-01","не работает"
"CORV-G03-01","доработка базы"
"CORV-G03-01","сопровождение"
"CORV-G03-01","интеграция"
"CORV-G03-03","доработк"
"CORV-G03-03","рмк"
"CORV-G03-03","маркировка"
"CORV-G03-03","внешн"
"CORV-G03-03","честный знак"
"CORV-G03-03","программист вакансия"
"CORV-G03-03","битрикс"
"CORV-G03-03","не работает"
"CORV-G03-03","доработка базы"
"CORV-G03-03","сопровождение"
"CORV-G03-03","интеграция"
"CORV-G02-04","перенос"
"CORV-G02-04","исправлен"
"CORV-G02-04","база"
"CORV-G02-04","маркировка"
"CORV-G02-04","честный знак"
"CORV-G02-04","отчет"
"CORV-G02-04","печатная форма"
"CORV-G02-04","рмк"
"CORV-G02-04","не работает"
"CORV-G02-04","вакансия"
"CORV-G02-04","курсы"
"CORV-G02-04","битрикс"
"CORV-G02-04","интеграция"
"CORV-G02-04","синхронизация"
"CORV-G02-05","исправлен"
"CORV-G02-05","конфигурац"
"CORV-G02-05","база"
"CORV-G02-05","маркировка"
"CORV-G02-05","честный знак"
"CORV-G02-05","отчет"
"CORV-G02-05","печатная форма"
"CORV-G02-05","рмк"
"CORV-G02-05","не работает"
"CORV-G02-05","вакансия"
"CORV-G02-05","курсы"
"CORV-G02-05","битрикс"
"CORV-G02-05","интеграция"
"CORV-G02-05","синхронизация"
"CORV-G02-06","перенос"
"CORV-G02-06","конфигурац"
"CORV-G02-06","база"
"CORV-G02-06","маркировка"
"CORV-G02-06","честный знак"
"CORV-G02-06","отчет"
"CORV-G02-06","печатная форма"
"CORV-G02-06","рмк"
"CORV-G02-06","не работает"
"CORV-G02-06","вакансия"
"CORV-G02-06","курсы"
"CORV-G02-06","битрикс"
"CORV-G02-06","интеграция"
"CORV-G02-06","синхронизация"
"CORV-G02-02","отчет"
"CORV-G02-02","печатная форма"
"CORV-G02-02","маркировка"
"CORV-G02-02","база"
"CORV-G02-02","перенос"
"CORV-G02-02","исправлен"
"CORV-G02-02","честный знак"
"CORV-G02-02","рмк"
"CORV-G02-02","не работает"
"CORV-G02-02","вакансия"
"CORV-G02-02","курсы"
"CORV-G02-02","битрикс"
"CORV-G02-02","интеграция"
"CORV-G02-02","синхронизация"
"CORV-G02-03","отчет"
"CORV-G02-03","печатная форма"
"CORV-G02-03","маркировка"
"CORV-G02-03","конфигурац"
"CORV-G02-03","обновлен"
"CORV-G02-03","перенос"
"CORV-G02-03","честный знак"
"CORV-G02-03","рмк"
"CORV-G02-03","не работает"
"CORV-G02-03","вакансия"
"CORV-G02-03","курсы"
"CORV-G02-03","битрикс"
"CORV-G02-03","интеграция"
"CORV-G02-03","синхронизация"
"CORV-G02-01","отчет"
"CORV-G02-01","печатная форма"
"CORV-G02-01","маркировка"
"CORV-G02-01","конфигурац"
"CORV-G02-01","база"
"CORV-G02-01","обновлен"
"CORV-G02-01","перенос"
"CORV-G02-01","честный знак"
"CORV-G02-01","рмк"
"CORV-G02-01","не работает"
"CORV-G02-01","вакансия"
"CORV-G02-01","курсы"
"CORV-G02-01","битрикс"
"CORV-G02-01","интеграция"
"CORV-G02-01","синхронизация"
"CORV-G01-02","маркировка"
"CORV-G01-02","не работает"
"CORV-G01-02","доработка"
"CORV-G01-02","сопровождение"
"CORV-G01-02","настройка"
"CORV-G01-02","внедрение"
"CORV-G01-02","честный знак"
"CORV-G01-02","битрикс"
"CORV-G01-02","ошибка"
"CORV-G01-02","вакансия программист"
"CORV-G01-02","отчет"
"CORV-G01-02","печатная форма"
"CORV-G01-02","рмк"
"CORV-G01-02","тс пиот"
"CORV-G01-02","интеграция сайт"
"CORV-G01-02","синхронизация"
"CORV-G01-07","программист"
"CORV-G01-07","доработка"
"CORV-G01-07","маркировка"
"CORV-G01-07","настройка"
"CORV-G01-07","разов"
"CORV-G01-07","честный знак"
"CORV-G01-07","битрикс"
"CORV-G01-07","не работает"
"CORV-G01-07","ошибка"
"CORV-G01-07","вакансия программист"
"CORV-G01-07","отчет"
"CORV-G01-07","печатная форма"
"CORV-G01-07","рмк"
"CORV-G01-07","тс пиот"
"CORV-G01-07","интеграция сайт"
"CORV-G01-07","синхронизация"
"CORV-G01-06","программист"
"CORV-G01-06","доработка"
"CORV-G01-06","маркировка"
"CORV-G01-06","абонент"
"CORV-G01-06","настройка"
"CORV-G01-06","внедрение"
"CORV-G01-06","честный знак"
"CORV-G01-06","битрикс"
"CORV-G01-06","не работает"
"CORV-G01-06","ошибка"
"CORV-G01-06","вакансия программист"
"CORV-G01-06","отчет"
"CORV-G01-06","печатная форма"
"CORV-G01-06","рмк"
"CORV-G01-06","тс пиот"
"CORV-G01-06","интеграция сайт"
"CORV-G01-06","синхронизация"
"CORV-G01-05","программист"
"CORV-G01-05","доработка"
"CORV-G01-05","маркировка"
"CORV-G01-05","не работает"
"CORV-G01-05","абонент"
"CORV-G01-05","настройка"
"CORV-G01-05","внедрение"
"CORV-G01-05","разов"
"CORV-G01-05","честный знак"
"CORV-G01-05","битрикс"
"CORV-G01-05","ошибка"
"CORV-G01-05","вакансия программист"
"CORV-G01-05","отчет"
"CORV-G01-05","печатная форма"
"CORV-G01-05","рмк"
"CORV-G01-05","тс пиот"
"CORV-G01-05","интеграция сайт"
"CORV-G01-05","синхронизация"
"CORV-G01-04","настройка"
"CORV-G01-04","сопровождение"
"CORV-G01-04","маркировка"
"CORV-G01-04","доработка"
"CORV-G01-04","честный знак"
"CORV-G01-04","битрикс"
"CORV-G01-04","не работает"
"CORV-G01-04","ошибка"
"CORV-G01-04","вакансия программист"
"CORV-G01-04","отчет"
"CORV-G01-04","печатная форма"
"CORV-G01-04","рмк"
"CORV-G01-04","тс пиот"
"CORV-G01-04","интеграция сайт"
"CORV-G01-04","синхронизация"
"CORV-G01-03","внедрение"
"CORV-G01-03","маркировка"
"CORV-G01-03","интеграция"
"CORV-G01-03","доработка"
"CORV-G01-03","сопровождение"
"CORV-G01-03","разов"
"CORV-G01-03","честный знак"
"CORV-G01-03","битрикс"
"CORV-G01-03","не работает"
"CORV-G01-03","ошибка"
"CORV-G01-03","вакансия программист"
"CORV-G01-03","отчет"
"CORV-G01-03","печатная форма"
"CORV-G01-03","рмк"
"CORV-G01-03","тс пиот"
"CORV-G01-03","интеграция сайт"
"CORV-G01-03","синхронизация"
"CORV-G01-08","маркировка"
"CORV-G01-08","сопровождение"
"CORV-G01-08","абонент"
"CORV-G01-08","настройка"
"CORV-G01-08","внедрение"
"CORV-G01-08","честный знак"
"CORV-G01-08","битрикс"
"CORV-G01-08","не работает"
"CORV-G01-08","ошибка"
"CORV-G01-08","вакансия программист"
"CORV-G01-08","отчет"
"CORV-G01-08","печатная форма"
"CORV-G01-08","рмк"
"CORV-G01-08","тс пиот"
"CORV-G01-08","интеграция сайт"
"CORV-G01-08","синхронизация"
"CORV-G01-01","новосибирск"
"CORV-G01-01","сопровождение"
"CORV-G01-01","доработка"
"CORV-G01-01","маркировка"
"CORV-G01-01","не работает"
"CORV-G01-01","настройка"
"CORV-G01-01","внедрение"
"CORV-G01-01","абонент"
"CORV-G01-01","разов"
"CORV-G01-01","честный знак"
"CORV-G01-01","битрикс"
"CORV-G01-01","ошибка"
"CORV-G01-01","вакансия программист"
"CORV-G01-01","отчет"
"CORV-G01-01","печатная форма"
"CORV-G01-01","рмк"
"CORV-G01-01","тс пиот"
"CORV-G01-01","интеграция сайт"
"CORV-G01-01","синхронизация"